# Host: localhost  (Version: 5.6.10)
# Date: 2016-03-27 14:55:33
# Generator: MySQL-Front 5.3  (Build 4.120)

/*!40101 SET NAMES utf8 */;

#
# Structure for table "re_area"
#

CREATE TABLE `re_area` (
  `id` int(11) unsigned NOT NULL AUTO_INCREMENT,
  `name` varchar(45) NOT NULL DEFAULT '' COMMENT '名称',
  `state` int(1) unsigned NOT NULL DEFAULT '0' COMMENT '合法标记：0：初始化数据，1：合法数据',
  PRIMARY KEY (`id`)
) ENGINE=InnoDB AUTO_INCREMENT=16 DEFAULT CHARSET=utf8 COMMENT='行政区';

#
# Data for table "re_area"
#

INSERT INTO `re_area` VALUES (1,'东湖新技术开发区',1),(2,'东湖生态旅游风景区',1),(3,'东西湖区',1),(4,'新洲区',1),(5,'武昌区',1),(6,'武汉经济技术开发区（汉南区）',1),(7,'汉阳区',1),(8,'江夏区',1),(9,'江岸区',1),(10,'江汉区',1),(11,'洪山区',1),(12,'硚口区',1),(13,'蔡甸区',1),(14,'青山区',1),(15,'黄陂区',1);

#
# Structure for table "re_library"
#

CREATE TABLE `re_library` (
  `id` int(11) NOT NULL AUTO_INCREMENT,
  `name` varchar(100) NOT NULL DEFAULT '' COMMENT '阅读点名称',
  `library_type` varchar(45) NOT NULL DEFAULT '' COMMENT '阅读地点类型',
  `library_type_id` int(11) unsigned NOT NULL DEFAULT '0' COMMENT '类型ID',
  `address` varchar(255) NOT NULL DEFAULT '' COMMENT '地址',
  `area` varchar(45) NOT NULL DEFAULT '' COMMENT '隶属行政区',
  `area_id` int(11) unsigned NOT NULL DEFAULT '0' COMMENT '区域ID',
  `borrow_num` int(11) unsigned NOT NULL DEFAULT '0' COMMENT '月均借出量（册/月)',
  `return_num` int(11) unsigned NOT NULL DEFAULT '0' COMMENT '月均还书量（册/月)',
  `sell_num` int(11) unsigned NOT NULL DEFAULT '0' COMMENT '月均图书销售量（册/月)',
  `collect_num` int(11) unsigned NOT NULL DEFAULT '0' COMMENT '收藏量',
  `visit_num` int(11) unsigned NOT NULL DEFAULT '0' COMMENT '图书馆访问量',
  `state` int(11) unsigned NOT NULL DEFAULT '0' COMMENT '合法值：0：初始值，1:合法值',
  `lng` varchar(45) NOT NULL DEFAULT '' COMMENT '地理经度',
  `lat` varchar(45) NOT NULL DEFAULT '' COMMENT '地理纬度',
  `poin_flag` int(11) NOT NULL DEFAULT '0' COMMENT '坐标标记 0：初始化值，1：坐标位置已找到',
  PRIMARY KEY (`id`),
  KEY `area` (`area`),
  KEY `libray_type` (`library_type`),
  KEY `name` (`name`)
) ENGINE=InnoDB AUTO_INCREMENT=2048 DEFAULT CHARSET=utf8 COMMENT='阅读点';

#
# Data for table "re_library"
#

INSERT INTO `re_library` VALUES (1,'24小时自助图书馆','24小时自助图书馆',1,'六顺路街心花园','东西湖区',3,200,300,0,0,0,0,'114.157313','30.634921',1),(2,'佛祖岭社区B区','24小时自助图书馆',1,'佛祖岭街道佛祖岭社区B区商业街','东湖新技术开发区',1,15,20,0,0,0,0,'114.452009','30.447515',1),(3,'光谷软件园','24小时自助图书馆',1,'光谷软件园麦当劳旁','东湖新技术开发区',1,30,30,0,0,0,0,'114.412679','30.482426',1),(4,'光谷生物城','24小时自助图书馆',1,'光谷生物城产业园区内','东湖新技术开发区',1,20,20,230,0,0,0,'114.481068','30.490817',1),(5,'江夏区图书馆','24小时自助图书馆',1,'江夏区体育馆广场','江夏区',8,43,20,0,230000,99000,0,'114.367082','30.252484',1),(6,'市博物馆','24小时自助图书馆',1,'青年路正门','江汉区',10,149,150,0,0,0,0,'114.269627','30.605489',1),(7,'水果湖步行街','24小时自助图书馆',1,'水果湖步行街西入口','武昌区',5,187,190,0,0,0,0,'114.351905','30.55423',1),(8,'武汉图书馆','24小时自助图书馆',1,'建设大道861号','江汉区',10,462,549,0,2380000,2830000,0,'114.288266','30.609073',1),(9,'中山公园','24小时自助图书馆',1,'啜茗轩茶社','江汉区',10,230,220,0,0,0,0,'114.276308','30.591242',1),(10,'街道口','24小时自助图书馆',1,'珞瑜路街道口献血屋','洪山区',11,138,136,0,0,0,0,'114.357185','30.534332',1),(11,'荷兰风情园','24小时自助图书馆',1,'关山荷兰风情园民族大道正门','洪山区',11,246,256,0,0,0,0,'114.405784','30.499776',1),(12,'虎泉','24小时自助图书馆',1,'虎泉地铁站旁','洪山区',11,101,99,0,0,0,0,'114.374522','30.520233',1),(13,'金地格林','24小时自助图书馆',1,'南湖水上生态公园书城路正门','洪山区',11,146,149,0,0,0,0,'114.327862','30.51149',1),(14,'新洲人民广场图书馆','24小时自助图书馆',1,'新洲人民广场东南角','新洲区',4,160,150,0,0,0,0,'114.803494','30.833814',1),(15,'阳逻中商广场图书馆','24小时自助图书馆',1,'新洲区阳逻街阳光北路','新洲区',4,260,265,0,0,0,0,'114.572956','30.663022',1),(16,'金家上城服务点','24小时自助图书馆',1,'金家上城','蔡甸区',13,136,139,0,0,0,0,'114.04909','30.578731',1),(17,'蔡甸区文体广场服务点','24小时自助图书馆',1,'蔡甸树藩大街433-3号','蔡甸区',13,50,60,0,0,0,0,'114.032905','30.58519',1),(18,'市民之家','24小时自助图书馆',1,'金桥大道','江岸区',9,108,107,0,0,0,0,'114.29405','30.644464',1),(19,'吉庆街','24小时自助图书馆',1,'中山大道黄石路路口','江岸区',9,208,223,0,0,0,0,'114.29804','30.591277',1),(20,'武汉市青少年宫','24小时自助图书馆',1,'解放大道正门','江岸区',9,375,382,0,0,0,0,'114.292245','30.594874',1),(21,'汉口江滩','24小时自助图书馆',1,'三阳路广场右侧水池树阵','江岸区',9,183,186,0,0,0,0,'114.322249','30.610246',1),(22,'解放公园','24小时自助图书馆',1,'沁芳桥','江岸区',9,362,351,0,0,0,0,'114.307144','30.611145',1),(23,'大江园','24小时自助图书馆',1,'江大路南苑中门','江岸区',9,232,259,0,0,0,0,'114.574716','30.352545',1),(24,'汉口花园二期','24小时自助图书馆',1,'后湖大道正门','江岸区',9,154,173,0,0,0,0,'114.276474','30.639574',1),(25,'龙王庙公园','24小时自助图书馆',1,'大兴一路路口','江汉区',10,169,173,0,0,0,0,'114.297894','30.572714',1),(26,'江汉经济开发区','24小时自助图书馆',1,'发展一路江兴路路口','江汉区',10,199,205,0,0,0,0,'114.242928','30.631112',1),(27,'民主一街','24小时自助图书馆',1,'汉剧院宿舍','江汉区',10,37,32,0,0,0,0,'114.293073','30.585874',1),(28,'硚口公园','24小时自助图书馆',1,'中山大道正门','硚口区',12,336,348,0,0,0,0,'114.263624','30.576597',1),(29,'辛家地','24小时自助图书馆',1,'古田二路融侨锦城','硚口区',12,632,655,0,0,0,0,'','',0),(30,'宗关','24小时自助图书馆',1,'轻轨宗关站出口','硚口区',12,331,349,0,0,0,0,'114.231026','30.588053',1),(31,'江城壹号创意园','24小时自助图书馆',1,'古田四路南泥湾大道','硚口区',12,179,190,0,0,0,0,'114.220386','30.600218',1),(32,'人信汇广场','24小时自助图书馆',1,'汉阳大道','汉阳区',7,205,205,0,0,0,0,'114.211742','30.557102',1),(33,'莲花湖公园','24小时自助图书馆',1,'汉阳大道正门','汉阳区',7,105,114,0,0,0,0,'114.284872','30.556798',1),(34,'自立社区','24小时自助图书馆',1,'鹦鹉小道中商平价','汉阳区',7,167,162,0,0,0,0,'114.274489','30.536658',1),(35,'24路终点站','24小时自助图书馆',1,'阳新路','汉阳区',7,155,163,0,0,0,0,'114.281247','30.550845',1),(36,'首义文化公园','24小时自助图书馆',1,'楚善路彭刘杨雕像广场','武昌区',5,192,185,0,0,0,0,'114.30157','30.548673',1),(37,'昙华林','24小时自助图书馆',1,'武汉市十四中','武昌区',5,63,56,0,0,0,0,'114.318882','30.557503',1),(38,'四美塘','24小时自助图书馆',1,'和平大道新一佳超市','武昌区',5,220,237,0,0,0,0,'114.346788','30.603484',1),(39,'南湖水上生态公园','24小时自助图书馆',1,'书城路正门','洪山区',11,146,148,0,0,0,0,'114.327862','30.51149',1),(40,'凯乐桂园','24小时自助图书馆',1,'虎泉路地铁出口站','洪山区',11,96,96,0,0,0,0,'114.377023','30.516283',1),(41,'关山荷兰风情园','24小时自助图书馆',1,'民族大道正门','洪山区',11,245,249,0,0,0,0,'114.405784','30.499776',1),(42,'佛祖岭社区','24小时自助图书馆',1,'流芳一路佛祖岭社区服务中心','东湖新技术开发区',1,75,74,0,0,0,0,'114.452021','30.442979',1),(43,'武汉国家生物产业创新基地','24小时自助图书馆',1,'高新大道666号','东湖新技术开发区',1,38,38,0,0,0,0,'114.484183','30.489952',1),(44,'沌口文化中心','24小时自助图书馆',1,'联城路郭蔡路路口','武汉经济技术开发区（汉南区）',6,204,245,0,0,0,0,'114.159996','30.495451',1),(45,'全力北社区','24小时自助图书馆',1,'沌口街全力北路','武汉经济技术开发区（汉南区）',6,34,33,0,0,0,0,'114.086312','30.469031',1),(46,'六顺路','24小时自助图书馆',1,'街心花园','东西湖区',3,345,346,0,0,0,0,'114.139615','30.624848',1),(47,'二雅路','24小时自助图书馆',1,'汉口银行','东西湖区',3,203,207,0,0,0,0,'114.157784','30.635094',1),(48,'江夏区体育馆','24小时自助图书馆',1,'熊延弼路','江夏区',8,220,217,0,0,0,0,'114.367082','30.252484',1),(49,'新世纪广场','24小时自助图书馆',1,'江夏大道北华街路口','江夏区',8,7,7,0,0,0,0,'','',0),(50,'区文体广场','24小时自助图书馆',1,'树藩大街','蔡甸区',13,82,82,0,0,0,0,'114.385258','30.876555',1),(51,'金家上城','24小时自助图书馆',1,'汉阳大街新都汇','蔡甸区',13,123,130,0,0,0,0,'114.04909','30.578731',1),(52,'百联奥特莱斯广场','24小时自助图书馆',1,'盘龙城盘龙大道','黄陂区',15,105,109,0,0,0,0,'114.26577','30.735174',1),(53,'黎黄陂广场','24小时自助图书馆',1,'黄陂大道','黄陂区',15,208,201,0,0,0,0,'114.391322','30.886496',1),(54,'碧桂园小区','24小时自助图书馆',1,'汉洪高速汉南区出口','武汉经济技术开发区（汉南区）',6,35,32,0,0,0,0,'113.962732','30.28714',1),(55,'区文化馆','24小时自助图书馆',1,'汉南大道文豪酒店','武汉经济技术开发区（汉南区）',6,113,106,0,0,0,0,'114.144133','30.630371',1),(56,'区人民广场','24小时自助图书馆',1,'古城大道','新洲区',4,156,152,0,0,0,0,'114.803964','30.83563',1),(57,'阳逻','24小时自助图书馆',1,'阳光路天河影城','新洲区',4,262,265,0,0,0,0,'114.572956','30.663022',1),(58,'昙华林十四中','24小时自助图书馆',1,'昙华林','武昌区',5,63,57,0,0,0,0,'114.313733','30.558648',1),(59,'区经济开发区','24小时自助图书馆',1,'发展一路江兴路路口','江汉区',10,199,205,0,0,0,0,'114.242928','30.631112',1),(60,'花楼街','24小时自助图书馆',1,'民主一街167号','江汉区',10,38,32,0,0,0,0,'114.293625','30.585958',1),(61,'龙王庙','24小时自助图书馆',1,'龙王庙公园（大兴一路路口）','江汉区',10,170,173,0,0,0,0,'114.297894','30.572714',1),(62,'体育馆24小时自助图书馆','24小时自助图书馆',1,'熊廷弼街体育馆广场','江夏区',8,500,500,20,0,0,0,'114.321267','30.357342',1),(63,'碧桂园','24小时自助图书馆',1,'汉南区碧桂园凤凰酒店旁','武汉经济技术开发区（汉南区）',6,0,0,0,0,0,0,'114.101074','30.361169',1),(64,'文化馆','24小时自助图书馆',1,'汉南区文化馆旁','武汉经济技术开发区（汉南区）',6,0,0,0,0,0,0,'113.962732','30.28714',1),(65,'军山街','24小时自助图书馆',1,'军山街','武汉经济技术开发区（汉南区）',6,0,0,0,0,0,0,'114.090634','30.411882',1),(66,'沌阳街','24小时自助图书馆',1,'沌阳街','武汉经济技术开发区（汉南区）',6,0,0,0,0,0,0,'','',0),(67,'沌口街','24小时自助图书馆',1,'联城路文化中心','武汉经济技术开发区（汉南区）',6,0,0,0,0,0,0,'114.165295','30.498888',1),(68,'湖北剧院塑像旁','24小时自助图书馆',1,'湖北剧院门前','武昌区',5,192,185,0,0,0,0,'114.31115','30.54644',1),(69,'四美塘新一佳商场','24小时自助图书馆',1,'四美塘','武昌区',5,304,238,0,0,0,0,'114.346788','30.603484',1),(70,'118街坊','24小时自助图书馆',1,'建二路中商平价','青山区',14,506,526,0,0,0,0,'114.316215','30.541756',1),(71,'钢都花园','24小时自助图书馆',1,'园林路中百仓储','青山区',14,108,104,0,0,0,0,'114.374729','30.619844',1),(72,'钢花118服务点','24小时自助图书馆',1,'钢花118街','青山区',14,502,520,0,0,0,0,'114.389087','30.627003',1),(73,'绿荫广场','24小时自助图书馆',1,'和平大道','青山区',14,285,285,0,0,0,0,'114.410739','30.645393',1),(74,'绿荫广场服务点','24小时自助图书馆',1,'青山公园绿荫广场','青山区',14,285,283,0,0,0,0,'','',0),(75,'青山区青少年宫','24小时自助图书馆',1,'沿港路正门','青山区',14,416,411,0,0,0,0,'114.411634','30.637792',1),(76,'青少年宫服务点','24小时自助图书馆',1,'青少年宫','青山区',14,391,384,0,0,0,0,'114.292245','30.594874',1),(77,'园林路服务点','24小时自助图书馆',1,'园林路中百仓储前','青山区',14,210,196,0,0,0,0,'','',0),(78,'华文书亭','报刊亭',8,'111街武钢活动中心大门东门','青山区',14,0,0,200,0,0,0,'114.385071','30.621339',1),(79,'轨道交通3号线沌阳大道站自助图书馆','地铁图书馆',7,'东风大道与沌阳大道相交路口','武汉经济技术开发区（汉南区）',6,110,91,0,0,0,0,'114.178777','30.488377',1),(80,'轨道交通3号线东风公司站自助图书馆','地铁图书馆',7,'东风大道与车城北路路口西侧','武汉经济技术开发区（汉南区）',6,140,113,0,0,0,0,'114.172705','30.506208',1),(81,'轨道交通3号线体育中心站自助图书馆','地铁图书馆',7,'东风大道与太子湖路相交路口北侧','武汉经济技术开发区（汉南区）',6,78,60,0,0,0,0,'114.19305','30.50011',1),(82,'轨道交通3号线三角湖站自助图书馆','地铁图书馆',7,'东风大道与太子湖北路交汇口','武汉经济技术开发区（汉南区）',6,225,199,0,0,0,0,'114.18623','30.522302',1),(83,'轨道交通3号线汉阳客运站自助图书馆','地铁图书馆',7,'龙阳大道与芳草一路交叉路口以南','汉阳区',7,76,67,0,0,0,0,'114.19641','30.534654',1),(84,'轨道交通3号线四新大道站自助图书馆','地铁图书馆',7,'龙阳大道与四新大道路口东北侧','汉阳区',7,48,32,0,0,0,0,'114.201053','30.538853',1),(85,'轨道交通3号线陶家岭站自助图书馆','地铁图书馆',7,'龙阳大道陶家岭路','汉阳区',7,65,46,0,0,0,0,'114.206372','30.549136',1),(86,'轨道交通3号线龙阳村站自助图书馆','地铁图书馆',7,'龙阳大道与十二升路交汇口处','汉阳区',7,35,30,0,0,0,0,'114.214378','30.558929',1),(87,'轨道交通3号线宗关站自助图书馆','地铁图书馆',7,'解放大道与建一路交叉路口以南','硚口区',12,74,61,0,0,0,0,'114.232077','30.587376',1),(88,'轨道交通3号线双墩站自助图书馆','地铁图书馆',7,'建设大道与汉西路交叉路口','硚口区',12,53,41,0,0,0,0,'114.237905','30.593356',1),(89,'轨道交通3号线武汉商务区站自助图书馆','地铁图书馆',7,'王家墩商务区核心区域','江汉区',10,91,72,0,0,0,0,'114.248965','30.646894',1),(90,'轨道交通3号线云飞路站自助图书馆','地铁图书馆',7,'云飞路与云霞路交汇处','江汉区',10,77,64,0,0,0,0,'114.247808','30.605712',1),(91,'轨道交通3号线范湖站自助图书馆','地铁图书馆',7,'常青路与青年路交叉路口东侧','江汉区',10,97,71,0,0,0,0,'114.248965','30.646894',1),(92,'轨道交通3号线菱角湖站自助图书馆','地铁图书馆',7,'老天门墩路与天门墩路之间','江汉区',10,111,86,0,0,0,0,'114.280708','30.612888',1),(93,'轨道交通3号线香港路站自助图书馆','地铁图书馆',7,'建设大道与香港路交汇处','江岸区',9,81,59,0,0,0,0,'114.291018','30.610956',1),(94,'轨道交通3号线惠济二路站自助图书馆','地铁图书馆',7,'建设大道与香港路交汇处','江岸区',9,132,104,0,0,0,0,'114.291018','30.610956',1),(95,'轨道交通3号线赵家条站自助图书馆','地铁图书馆',7,'建设大道与赵家条路交汇处','江岸区',9,122,96,0,0,0,0,'114.305197','30.622638',1),(96,'轨道交通3号线罗家庄站自助图书馆','地铁图书馆',7,'建设大道','江岸区',9,59,41,0,0,0,0,'','',0),(97,'轨道交通3号线二七小路站自助图书馆','地铁图书馆',7,'建设大道与二七路交叉路口','江岸区',9,96,86,0,0,0,0,'114.314713','30.634483',1),(98,'轨道交通3号线兴业路站自助图书馆','地铁图书馆',7,'建设大道延长线与兴业南路交叉路口','江岸区',9,59,52,0,0,0,0,'110.138204','36.543669',1),(99,'轨道交通3号线后湖大道站自助图书馆','地铁图书馆',7,'建设大道延长线与后湖大道交叉口','江岸区',9,70,65,0,0,0,0,'110.138204','36.543669',1),(100,'轨道交通3号线市民之家站自助图书馆','地铁图书馆',7,'市民之家以北，三环南路以南','江岸区',9,82,57,0,0,0,0,'114.248965','30.646894',1),(101,'轨道交通3号线宏图大道站自助图书馆','地铁图书馆',7,'金银潭大道与宏图大道交叉路口','东西湖区',3,0,0,0,0,0,0,'114.285675','30.67313',1),(102,'轨道交通2号线金银潭站自助图书馆','地铁图书馆',7,'金银潭大道（原马池路）南北侧','东西湖区',3,203,202,0,0,0,0,'114.248965','30.646894',1),(103,'轨道交通2号线常青花园站自助图书馆','地铁图书馆',7,'花园中路北侧','东西湖区',3,198,210,0,0,0,0,'114.244609','30.64757',1),(104,'轨道交通2号线长港路站自助图书馆','地铁图书馆',7,'金雅二路中段','江汉区',10,181,200,0,0,0,0,'114.248965','30.646894',1),(105,'轨道交通2号线汉口火车站自助图书馆','地铁图书馆',7,'公交西广场','江汉区',10,122,123,0,0,0,0,'114.248965','30.646894',1),(106,'轨道交通2号线范湖站自助图书馆','地铁图书馆',7,'青年路与常青路交叉路口南侧','江汉区',10,74,79,0,0,0,0,'114.248965','30.646894',1),(107,'轨道交通2号线王家墩东站自助图书馆','地铁图书馆',7,'青年路与建设大道交叉路口','江汉区',10,156,175,0,0,0,0,'114.269772','30.600056',1),(108,'轨道交通2号线青年路站自助图书馆','地铁图书馆',7,'青年路客运站旁','江汉区',10,189,182,0,0,0,0,'114.269627','30.605489',1),(109,'轨道交通2号线中山公园站自助图书馆','地铁图书馆',7,'解放大道中山公园旁','江汉区',10,312,292,0,0,0,0,'114.276308','30.591242',1),(110,'轨道交通2号线循礼门站自助图书馆','地铁图书馆',7,'解放大道和京汉大道之间的江汉路段','江汉区',10,206,208,0,0,0,0,'114.288387','30.591649',1),(111,'轨道交通2号线江汉路站自助图书馆','地铁图书馆',7,'江汉路、中山大道、交通路和花楼街围合地块','江汉区',10,61,67,0,0,0,0,'114.298507','30.585083',1),(112,'轨道交通2号线积玉桥站自助图书馆','地铁图书馆',7,'武昌区积玉桥附近','武昌区',5,123,139,0,0,0,0,'114.316841','30.563368',1),(113,'轨道交通2号线螃蟹岬站自助图书馆','地铁图书馆',7,'友谊大道与中山路及公正路的交叉路口处','武昌区',5,116,119,0,0,0,0,'114.325317','30.549348',1),(114,'轨道交通2号线小龟山站自助图书馆','地铁图书馆',7,'星海路','武昌区',5,28,29,0,0,0,0,'114.248965','30.646894',1),(115,'轨道交通2号线洪山广场站自助图书馆','地铁图书馆',7,'洪山广场西广场','洪山区',11,158,148,0,0,0,0,'114.343113','30.551386',1),(116,'轨道交通2号线中南路站自助图书馆','地铁图书馆',7,'武昌区中南路','洪山区',11,145,159,0,0,0,0,'114.340044','30.544854',1),(117,'轨道交通2号线宝通寺站自助图书馆','地铁图书馆',7,'武珞路和石牌岭路交汇路口','洪山区',11,232,216,0,0,0,0,'114.35017','30.535608',1),(118,'轨道交通2号线街道口站自助图书馆','地铁图书馆',7,'珞喻路、珞狮路、武珞路交界处','洪山区',11,135,134,0,0,0,0,'114.394962','30.519883',1),(119,'轨道交通2号线广埠屯站自助图书馆','地铁图书馆',7,'珞喻路南北侧','洪山区',11,176,179,0,0,0,0,'114.368518','30.529841',1),(120,'轨道交通2号线虎泉站自助图书馆','地铁图书馆',7,'虎泉街南北侧','洪山区',11,135,148,0,0,0,0,'114.374522','30.520233',1),(121,'轨道交通2号线杨家湾站自助图书馆','地铁图书馆',7,'虎泉街南北侧','洪山区',11,115,124,0,0,0,0,'114.392257','30.50765',1),(122,'轨道交通2号线光谷广场站自助图书馆','地铁图书馆',7,'虎泉街南北侧','洪山区',11,281,291,0,0,0,0,'114.405751','30.511876',1),(123,'轨道交通4号线黄金口站自助图书馆','地铁图书馆',7,'汉阳区三环外汉阳大道北侧规划道路一侧','汉阳区',7,55,54,0,0,0,0,'114.178518','30.594197',1),(124,'轨道交通4号线孟家铺站自助图书馆','地铁图书馆',7,'汉阳大道、三环线东南角武汉雷克萨斯4S店门前规划绿化带内','汉阳区',7,45,43,0,0,0,0,'114.180858','30.569137',1),(125,'轨道交通4号线永安堂站自助图书馆','地铁图书馆',7,'汉阳大道扁担山和锅顶山之间','汉阳区',7,65,63,0,0,0,0,'114.19258','30.56681',1),(126,'轨道交通4号线玉龙路站自助图书馆','地铁图书馆',7,'汉阳大道与玉龙路十字交汇处','汉阳区',7,117,120,0,0,0,0,'114.208628','30.572457',1),(127,'轨道交通4号线王家湾站自助图书馆','地铁图书馆',7,'汉阳大道与龙阳大道十字交汇处','汉阳区',7,35,40,0,0,0,0,'114.214827','30.567822',1),(128,'轨道交通4号线十里铺站自助图书馆','地铁图书馆',7,'汉阳大道与赫山路交汇处','汉阳区',7,214,205,0,0,0,0,'114.225701','30.565525',1),(129,'轨道交通4号线七里庙站自助图书馆','地铁图书馆',7,'汉阳大道与汉桥路的交叉路口东侧','汉阳区',7,189,182,0,0,0,0,'114.244112','30.55784',1),(130,'轨道交通4号线五里墩站自助图书馆','地铁图书馆',7,'汉阳大道和江城大道交叉路口','汉阳区',7,94,80,0,0,0,0,'114.248877','30.559826',1),(131,'轨道交通4号线汉阳火车站自助图书馆','地铁图书馆',7,'汉阳区五琴路与汉阳大道东北象限地块','汉阳区',7,167,158,0,0,0,0,'114.262336','30.556649',1),(132,'轨道交通4号线钟家村站自助图书馆','地铁图书馆',7,'鹦鹉花园6号门','汉阳区',7,358,336,0,0,0,0,'114.27882','30.546878',1),(133,'轨道交通4号线拦江路站自助图书馆','地铁图书馆',7,'鹦鹉大道与汉阳大道交汇处','汉阳区',7,87,87,0,0,0,0,'114.273014','30.555839',1),(134,'轨道交通4号线复兴路站自助图书馆','地铁图书馆',7,'张之洞路与复兴路交汇处','武昌区',5,97,92,0,0,0,0,'114.308047','30.53987',1),(135,'轨道交通4号线首义路站自助图书馆','地铁图书馆',7,'张之洞路与首义路交汇处','武昌区',5,151,145,0,0,0,0,'114.315728','30.539297',1),(136,'轨道交通4号线梅苑小区站自助图书馆','地铁图书馆',7,'傅家坡梅苑路与文安路交汇处','武昌区',5,129,129,0,0,0,0,'114.33379','30.537999',1),(137,'轨道交通4号线楚河汉街站自助图书馆','地铁图书馆',7,'中北路横跨公正路与中北路交叉口','武昌区',5,110,94,0,0,0,0,'114.347567','30.560115',1),(138,'轨道交通4号线青鱼嘴站自助图书馆','地铁图书馆',7,'中北路原武汉重型机床厂门前','武昌区',5,57,57,0,0,0,0,'114.354996','30.570807',1),(139,'轨道交通4号线东亭站自助图书馆','地铁图书馆',7,'中北路、秦园东路与黄鹂路交汇处','武昌区',5,95,97,0,0,0,0,'114.361204','30.575695',1),(140,'轨道交通4号线岳家嘴站自助图书馆','地铁图书馆',7,'武昌区中北路与徐东大街的交叉路口','武昌区',5,30,29,0,0,0,0,'114.36633','30.581498',1),(141,'轨道交通4号线铁机路站自助图书馆','地铁图书馆',7,'中北路延长线与铁机路交汇路口','武昌区',5,102,110,0,0,0,0,'110.138204','36.543669',1),(142,'轨道交通4号线罗家港站自助图书馆','地铁图书馆',7,'二环快速路与车站路（武汉火车站）交叉口','洪山区',11,50,46,0,0,0,0,'114.248965','30.646894',1),(143,'轨道交通4号线园林路站自助图书馆','地铁图书馆',7,'武青四干道与园林路的交叉路口','洪山区',11,89,83,0,0,0,0,'114.37536','30.618679',1),(144,'轨道交通4号线仁和路站自助图书馆','地铁图书馆',7,'武青四干道与仁和路交叉路口','洪山区',11,51,50,0,0,0,0,'114.393727','30.616232',1),(145,'轨道交通4号线工业四路站自助图书馆','地铁图书馆',7,'武青四干道与工业四路交叉路口','洪山区',11,19,18,0,0,0,0,'114.411604','30.631113',1),(146,'轨道交通4号线杨春湖站自助图书馆','地铁图书馆',7,'建设十路与武汉站广场中轴绿化带交汇处','洪山区',11,20,20,0,0,0,0,'114.393099','30.625811',1),(147,'轨道交通4号线武汉火车站自助图书馆','地铁图书馆',7,'国铁武汉火车站','洪山区',11,18,18,0,0,0,0,'114.431027','30.613078',1),(148,'博文书店','书店',3,'关山大道475号','东湖新技术开发区',1,0,0,420,0,0,0,'114.416989','30.484509',1),(149,'博雅书店','书店',3,'兴业路特19号华中图书交易中心A330','江岸区',9,0,0,0,0,0,0,'114.284898','30.6335',1),(150,'晨光书店','书店',3,'汉南大道纱小旁','武汉经济技术开发区（汉南区）',6,0,0,0,0,0,0,'114.407052','30.62621',1),(151,'楚轩书店','书店',3,'华夏学院校内学生公寓1栋A区29号面门','东湖新技术开发区',1,0,0,420,0,0,0,'114.363414','30.518477',1),(152,'哆啦宝（武汉）科技有限公司','书店',3,'东湖高新区关山二路特1事情国际企业中心2幢4层401号','东湖新技术开发区',1,0,0,360,0,0,0,'','',0),(153,'恩科书店','书店',3,'中南财经政法大学南湖会堂二楼南一间','东湖新技术开发区',1,0,0,350,0,0,0,'114.394825','30.480695',1),(154,'高教金通（武汉）教育科技有限公司','书店',3,'武汉东湖新技术开发区高新大道999号','东湖新技术开发区',1,0,0,240,0,0,0,'','',0),(155,'湖北大武传媒科技股份有限公司','书店',3,'东湖高新区光谷软件园4.1期A栋5层02号','东湖新技术开发区',1,0,0,450,0,0,0,'114.412679','30.482426',1),(156,'湖北天图文化有限公司','书店',3,'华工科技园二号路武大出版社物流中心','东湖新技术开发区',1,0,0,600,0,0,0,'114.181388','30.495753',1),(157,'湖北易联时代网络技术有限公司','书店',3,'东湖高新区光谷大道特1号国际企业中心4栋4层01号','东湖新技术开发区',1,0,0,500,0,0,0,'114.429528','30.492851',1),(158,'湖北易微联创互联电子商务有限公司','书店',3,'东湖高新区光谷大道3号激光工程设计总部（一期）研发楼03楼11层','东湖新技术开发区',1,0,0,600,0,0,0,'114.430248','30.509698',1),(159,'湖北煜城弘毅文化书业有限公司','书店',3,'东湖高新区武大园路5-2号国家地球空间信息产业基地二期北主楼2-2-204','东湖新技术开发区',1,0,0,3000,0,0,0,'114.41648','30.462548',1),(160,'华润苏果超市(湖北)有限公司武汉市雄楚大道金地一号购物广场','书店',3,'东湖高新区雄楚大街888号金地雄楚1号','东湖新技术开发区',1,0,0,1000,0,0,0,'114.397876','30.504237',1),(161,'华文书亭','书店',3,'鄂州街工业一路口','青山区',14,0,0,0,0,0,0,'114.385071','30.621339',1),(162,'迈德高武汉生物医学信息科技有限公司','书店',3,'生物城666号国际生物产业基地项目BCD研发楼B栋','东湖新技术开发区',1,0,0,400,0,0,0,'114.3162','30.581084',1),(163,'迈德同信（武汉）科技股份有限公司','书店',3,'东湖高新区高新大道666号武汉国家生物产业基地BCD区研发楼B1栋\n变更经营地址：东湖高新区高新大道666号光谷生物创新园C2-4栋2楼2016.1.4','东湖新技术开发区',1,0,0,440,0,0,0,'','',0),(164,'猫的天空之城书店','书店',3,'光谷步行街世界城广场2楼','东湖新技术开发区',1,0,0,500,0,0,0,'114.410921','30.512191',1),(165,'乾之水书店','书店',3,'华中科技大学校工会旁','东湖新技术开发区',1,0,0,260,0,0,0,'114.419755','30.519444',1),(166,'三味书店','书店',3,'华中科技大学紫菘公寓16栋','东湖新技术开发区',1,0,0,240,0,0,0,'114.419876','30.518724',1),(167,'三味书屋','书店',3,'薇湖路菜场旁','武汉经济技术开发区（汉南区）',6,0,0,0,0,0,0,'114.381814','30.524863',1),(168,'尚武书店','书店',3,'东湖风景区鲁磨路磨山村茅屋岭220号','东湖新技术开发区',1,0,0,300,0,0,0,'114.418184','30.533892',1),(169,'莘莘学子书店','书店',3,'武汉东湖高新区华中师大一附中莘莘服务部内','东湖新技术开发区',1,0,0,500,0,0,0,'114.398933','30.461821',1),(170,'田园书吧','书店',3,'流芳街泰塑学生公寓门口','东湖新技术开发区',1,0,0,300,0,0,0,'114.439485','30.463565',1),(171,'沃尔玛(湖北)商业零售有限公司武汉光谷分店','书店',3,'东湖开发区关山大道475号','东湖新技术开发区',1,0,0,240,0,0,0,'114.416989','30.484509',1),(172,'武汉爱逸风科技有限公司','书店',3,'东湖高新区珞喻路光谷世界城B地地块第一幢1单元17层02号','东湖新技术开发区',1,0,0,750,0,0,0,'114.409285','30.511143',1),(173,'武汉爱婴岛网络科技有限公司鲁巷店','书店',3,'光谷步行街1栋B1单位4层005号商铺','东湖新技术开发区',1,0,0,200,0,0,0,'114.41407','30.507975',1),(174,'武汉彼岸文化传播有限公司','书店',3,'创业街创业楼7号楼','东湖新技术开发区',1,0,0,3000,0,0,0,'114.338086','30.531522',1),(175,'武汉参差文化传播管理有限公司','书店',3,'光谷步行街G2单元负一层050号','东湖新技术开发区',1,0,0,15000,0,0,0,'114.41407','30.507975',1),(176,'武汉辰丝文化传播有限公司','书店',3,'华科大校内西三区','东湖新技术开发区',1,0,0,200,0,0,0,'','',0),(177,'武汉大智易学教育咨询有限公司','书店',3,'东湖高新区关山大道111号时代广场A座1001号','东湖新技术开发区',1,0,0,2000,0,0,0,'114.308678','30.591566',1),(178,'武汉东湖新技术开发区百慧书店','书店',3,'东湖高新区金融港一路武汉工程大学流芳校区','东湖新技术开发区',1,0,0,230,0,0,0,'114.397713','30.508033',1),(179,'武汉东湖新技术开发区草叶集书店','书店',3,'东湖高新区喻家湖路12号金地华公馆','东湖新技术开发区',1,0,0,120,0,0,0,'114.430788','30.513975',1),(180,'武汉东湖新技术开发区朝阳书屋','书店',3,'武汉市光谷关东园五路荷叶山社区特一号B2-009','东湖新技术开发区',1,0,0,200,0,0,0,'114.42295','30.499151',1),(181,'武汉东湖新技术开发区厚德书社','书店',3,'武汉东湖新技术开发区光谷大道关南三路1号','东湖新技术开发区',1,0,0,200,0,0,0,'114.430422','30.488224',1),(182,'武汉东湖新技术开发区华文书亭','书店',3,'东湖高新区民族大道当代学生公寓帝','东湖新技术开发区',1,0,0,210,0,0,0,'114.40369','30.500479',1),(183,'武汉东湖新技术开发区环湖书店','书店',3,'东湖高新区中南财经政法大学南湖校区环湖6-4','东湖新技术开发区',1,0,0,410,0,0,0,'114.390933','30.475978',1),(184,'武汉东湖新技术开发区环六书店','书店',3,'东湖高新区中南财大环湖公寓六栋一楼3号','东湖新技术开发区',1,0,0,850,0,0,0,'114.42295','30.499151',1),(185,'武汉东湖新技术开发区蕾蕾书店','书店',3,'东湖高新区中南财经政法大学南湖校区南苑市场铁1号','东湖新技术开发区',1,0,0,550,0,0,0,'114.390933','30.475978',1),(186,'武汉东湖新技术开发区书程小驿书店','书店',3,'东湖高新区九峰新市场C22号','东湖新技术开发区',1,0,0,360,0,0,0,'114.42295','30.499151',1),(187,'武汉东湖新技术开发区贤知书店','书店',3,'东湖高新区水蓝路锦绣良缘小区A5-1','东湖新技术开发区',1,0,0,210,0,0,0,'114.42295','30.499151',1),(188,'武汉东湖新技术开发区学友书屋','书店',3,'东湖高新区文华学院学生公寓1栋','东湖新技术开发区',1,0,0,1100,0,0,0,'114.450585','30.501351',1),(189,'武汉东湖新技术开发区邹氏书店','书店',3,'东湖高新区民族大道汤逊湖社区南泥湾343号8栋1单位101号','东湖新技术开发区',1,0,0,250,0,0,0,'114.39595','30.447625',1),(190,'武汉贰号库物流科技有限公司','书店',3,'东湖高新区花城大道特1号花山软件新城A3-501号','东湖新技术开发区',1,0,0,450,0,0,0,'114.509433','30.56154',1),(191,'武汉故事工业动漫科技有限公司','书店',3,'东湖高新区软件园东路1号软件产业4.1期B1栋16层','东湖新技术开发区',1,0,0,200,0,0,0,'114.411951','30.480651',1),(192,'武汉国图文化传播有限公司','书店',3,'创业街1栋1单元509','东湖新技术开发区',1,0,0,800,0,0,0,'114.421539','30.506645',1),(193,'武汉海卫教育科技有限公司','书店',3,'东湖高新区关东园路2-2光谷国际大厦A座26层','东湖新技术开发区',1,0,0,600,0,0,0,'114.43671','30.510312',1),(194,'武汉汉福超市有限公司光谷分公司','书店',3,'东湖高新区光谷步行街3号4区1025号','东湖新技术开发区',1,0,0,4300,0,0,0,'114.407793','30.514113',1),(195,'武汉慧学堂科技有限公司','书店',3,'东湖高新区东信路SBI创业街3栋402','东湖新技术开发区',1,0,0,1600,0,0,0,'114.424673','30.506066',1),(196,'武汉甲乙文化发展有限公司','书店',3,'东湖高新区中南财经政法大学南湖校区南湖会堂2楼','东湖新技术开发区',1,0,0,260,0,0,0,'114.394825','30.480703',1),(197,'武汉捷兴科技发展有限公司','书店',3,'东湖高新区关东科技工业园华光大道18号高科大厦F1819','东湖新技术开发区',1,0,0,150,0,0,0,'114.437127','30.511112',1),(198,'武汉君天麟龙文化贸易有限公司','书店',3,'南湖大道以北谷方第6幢6层A7号','东湖新技术开发区',1,0,0,500,0,0,0,'114.376863','30.487853',1),(199,'武汉骏桔环境科技有限公司','书店',3,'东湖高新区关东科技工业园七号地块留学生创业园7-5-5268','东湖新技术开发区',1,0,0,230,0,0,0,'114.008108','30.517026',1),(200,'武汉力扬文化传播有限公司','书店',3,'创业街创业楼8号楼','东湖新技术开发区',1,0,0,4000,0,0,0,'114.338086','30.531522',1),(201,'武汉联序文化传播有限公司','书店',3,'洪山区珞喻东路76号','东湖新技术开发区',1,0,0,10000,0,0,0,'114.428445','30.512111',1),(202,'武汉六合堂教育科技有限公司','书店',3,'东湖高新区关山大道465号光谷创意产业基地二号311','东湖新技术开发区',1,0,0,300,0,0,0,'114.416992','30.4879',1),(203,'武汉满分园科技有限公司','书店',3,'东湖高新区东信路光谷创业街特1柜1单元27、28层10号','东湖新技术开发区',1,0,0,800,0,0,0,'114.407793','30.514113',1),(204,'武汉美圃文化传媒有限公司','书店',3,'东湖高新区花城大道9号武汉软件新城1.1期A3栋50楼','东湖新技术开发区',1,0,0,460,0,0,0,'','',0),(205,'武汉梦里书香教育文化传播有限公司','书店',3,'东湖高新区长城园路8号','东湖新技术开发区',1,0,0,450,0,0,0,'114.398863','30.457377',1),(206,'武汉盛世旌文文化传播有限公司','书店',3,'武汉工程大学流芳校区体育馆楼下2号门面','东湖新技术开发区',1,0,0,800,0,0,0,'114.439317','30.467345',1),(207,'武汉市洪山区天天书店','书店',3,'华科大校内韵苑2栋一楼','东湖新技术开发区',1,0,0,400,0,0,0,'114.438917','30.520008',1),(208,'武汉市洪山区小猪腾飞文具店','书店',3,'武汉东湖高新区关山大道369号金地太阳城32栋7号门面','东湖新技术开发区',1,0,0,200,0,0,0,'114.4214','30.495211',1),(209,'武汉市洪山区喻园春书社','书店',3,'华中科技大学逸夫楼对面','东湖新技术开发区',1,0,0,1500,0,0,0,'114.419876','30.518724',1),(210,'武汉市洪山区真彩文具店','书店',3,'关山大道369号金地太阳城32栋1-106号','东湖新技术开发区',1,0,0,300,0,0,0,'114.4214','30.495211',1),(211,'武汉市万学教育书店','书店',3,'中南财经政法大学南湖会堂','东湖新技术开发区',1,0,0,1000,0,0,0,'114.394825','30.480703',1),(212,'武汉思敏图书有限公司','书店',3,'创业街特1栋1单元21层04室','东湖新技术开发区',1,0,0,1200,0,0,0,'114.439777','30.504969',1),(213,'武汉苏宁云商销售有限公司光谷广场连锁店','书店',3,'东湖高新区鲁巷绿化广场东南侧','东湖新技术开发区',1,0,0,380,0,0,0,'114.405751','30.511876',1),(214,'武汉武商量贩连锁有限公司锦绣龙城量贩店','书店',3,'武汉东湖高新区龙城路2号1栋','东湖新技术开发区',1,0,0,200,0,0,0,'114.389975','30.471116',1),(215,'武汉西楼文化艺术投资有限公司','书店',3,'东湖高新区珞喻路889号武汉光谷中心花园B座16层08号','东湖新技术开发区',1,0,0,640,0,0,0,'114.404014','30.514284',1),(216,'武汉小小天才文化传媒有限公司','书店',3,'东湖高新区珞喻路尚街商铺490-218号光谷世界城B地块1栋2单元12层36室','东湖新技术开发区',1,0,0,450,0,0,0,'114.409285','30.511143',1),(217,'武汉宇哲科技有限公司','书店',3,'光谷大道国际企业中心2栋5层5号','东湖新技术开发区',1,0,0,350,0,0,0,'114.429528','30.492851',1),(218,'武汉竹马文化有限公司','书店',3,'武汉工程大学流芳校区大学生创业基地','东湖新技术开发区',1,0,0,360,0,0,0,'114.40394','30.504075',1),(219,'新华书店','书店',3,'兴新街','江夏区',8,0,0,0,0,0,0,'114.32231','30.353554',1),(220,'星灿书屋','书店',3,'光谷大道58号光谷总部国际1-4-12室','东湖新技术开发区',1,0,0,160,0,0,0,'114.42576','30.486181',1),(221,'友之缘书店','书店',3,'东湖高新区中南财经政法大学南苑市场B栋','东湖新技术开发区',1,0,0,900,0,0,0,'114.395547','30.477815',1),(222,'再读斋旧书店','书店',3,'中南财经政法大学滨湖超市一楼','东湖新技术开发区',1,0,0,60,0,0,0,'114.399604','30.482645',1),(223,'中国地质大学出版社有限责任公司职教出版分社','书店',3,'东湖高新区中地大科技园H-802','东湖新技术开发区',1,0,0,1100,0,0,0,'114.407888','30.526163',1),(224,'巴克缇瑜伽之道文化会所','书店',3,'两湖大道阳光海岸2-1-101室','东湖新技术开发区',1,0,0,120,0,0,0,'','',0),(225,'北斗星校园文化书店','书店',3,'关山一路463号武汉职业学院校内','东湖新技术开发区',1,0,0,360,0,0,0,'114.420133','30.489165',1),(226,'博宏书店','书店',3,'湖北二师校内','东湖新技术开发区',1,0,0,240,0,0,0,'112.410562','31.209316',1),(227,'畅享书店','书店',3,'珞瑜路900号华工南三门右侧','东湖新技术开发区',1,0,0,450,0,0,0,'114.416626','30.509111',1),(228,'臭虫书店','书店',3,'中南政法大学南苑市场','东湖新技术开发区',1,0,0,450,0,0,0,'','',0),(229,'读友书屋','书店',3,'鲁巷广场光谷书城内','东湖新技术开发区',1,0,0,500,0,0,0,'114.406846','30.510629',1),(230,'飞鸟书刊','书店',3,'中南政法北苑市场外','东湖新技术开发区',1,0,0,800,0,0,0,'114.394609','30.484453',1),(231,'光谷书城','书店',3,'光谷广场资本大厦负一楼','东湖新技术开发区',1,0,0,3000,0,0,0,'114.405751','30.511876',1),(232,'海角书屋书店','书店',3,'高新区清水源商业街C1号商铺','东湖新技术开发区',1,0,0,1000,0,0,0,'114.389321','30.480924',1),(233,'恒久书店','书店',3,'中南政法北苑市场内','东湖新技术开发区',1,0,0,240,0,0,0,'','',0),(234,'恒心书店','书店',3,'中南政法大学南苑市场','东湖新技术开发区',1,0,0,4300,0,0,0,'114.395024','30.477365',1),(235,'鸿程旧书店','书店',3,'中南财经政法大学南苑市场','东湖新技术开发区',1,0,0,380,0,0,0,'114.395547','30.477815',1),(236,'湖北开动传媒科技有限公司','书店',3,'卓刀泉108号凯乐花园5-1楼B座1408室','东湖新技术开发区',1,0,0,620,0,0,0,'114.330937','30.545635',1),(237,'湖北三新文化传媒有限公司','书店',3,'东湖高新区光谷大道关南三路1号','东湖新技术开发区',1,0,0,200,0,0,0,'114.430422','30.488224',1),(238,'淇源书店','书店',3,'华夏学院校内','东湖新技术开发区',1,0,0,200,0,0,0,'114.419507','30.472842',1),(239,'琼雄法律书店','书店',3,'东湖开发区茶山刘','东湖新技术开发区',1,0,0,200,0,0,0,'114.406317','30.518134',1),(240,'文睿书店','书店',3,'华中科技大学文华学院内','东湖新技术开发区',1,0,0,200,0,0,0,'114.446815','30.501152',1),(241,'华文书店','书店',3,'文华学院商业街','东湖新技术开发区',1,0,0,460,0,0,0,'114.296702','30.59792',1),(242,'慧文书店','书店',3,'湖北二师图书馆大楼','东湖新技术开发区',1,0,0,230,0,0,0,'','',0),(243,'金红法律书店','书店',3,'政法北苑市场','东湖新技术开发区',1,0,0,750,0,0,0,'114.394609','30.484453',1),(244,'君扬书店','书店',3,'当代国际花园十二区7号铺','东湖新技术开发区',1,0,0,150,0,0,0,'114.424449','30.466479',1),(245,'科教书店','书店',3,'流芳大道武汉工程大学内','东湖新技术开发区',1,0,0,600,0,0,0,'114.438572','30.464829',1),(246,'科乐书店','书店',3,'华科大韵苑食堂一楼','东湖新技术开发区',1,0,0,300,0,0,0,'114.438917','30.520008',1),(247,'蓝凤书店','书店',3,'豹澥镇新兴路','东湖新技术开发区',1,0,0,440,0,0,0,'114.55726','30.464584',1),(248,'老图考试书店','书店',3,'中南财经政法大学南苑B-06','东湖新技术开发区',1,0,0,1000,0,0,0,'114.395326','30.477619',1),(249,'磊磊书店','书店',3,'华中科技大学城建学院内','东湖新技术开发区',1,0,0,300,0,0,0,'114.419876','30.518724',1),(250,'良友旧书店','书店',3,'中南政法大学西苑','东湖新技术开发区',1,0,0,15000,0,0,0,'114.391171','30.481304',1),(251,'武汉摇篮早教研究中心','书店',3,'鲁磨路6号紫菘教师公寓703房','东湖新技术开发区',1,0,0,200,0,0,0,'114.406856','30.516169',1),(252,'西学书店','书店',3,'华科大西区一食堂旁','东湖新技术开发区',1,0,0,200,0,0,0,'114.4135','30.520179',1),(253,'韵苑书店','书店',3,'华科大东校区','东湖新技术开发区',1,0,0,260,0,0,0,'114.438853','30.51754',1),(254,'仕林书店','书店',3,'中南政法大学西苑','东湖新技术开发区',1,0,0,350,0,0,0,'114.336558','30.363951',1),(255,'天翼图书书店','书店',3,'华科大校内','东湖新技术开发区',1,0,0,360,0,0,0,'','',0),(256,'学友书店','书店',3,'华中科技大学紫菘公寓16栋','东湖新技术开发区',1,0,0,400,0,0,0,'114.419876','30.518724',1),(257,'文轩书苑','书店',3,'华夏学院校内','东湖新技术开发区',1,0,0,450,0,0,0,'114.419507','30.472842',1),(258,'新生书店','书店',3,'文华学院学生公寓1栋','东湖新技术开发区',1,0,0,450,0,0,0,'114.363414','30.518477',1),(259,'文荟书店','书店',3,'政院南苑市场二楼','东湖新技术开发区',1,0,0,500,0,0,0,'114.386942','30.877646',1),(260,'明阳考试书店','书店',3,'中南政法北苑市场内','东湖新技术开发区',1,0,0,600,0,0,0,'114.394609','30.484453',1),(261,'新缘书店','书店',3,'文华学院学生公寓2栋','东湖新技术开发区',1,0,0,600,0,0,0,'114.363414','30.518477',1),(262,'千叶书店','书店',3,'政法南苑市场','东湖新技术开发区',1,0,0,640,0,0,0,'','',0),(263,'万科旧书店','书店',3,'东湖开发区政院路138号','东湖新技术开发区',1,0,0,800,0,0,0,'114.39481','30.484763',1),(264,'珍图书社','书店',3,'华科大西门大业花园','东湖新技术开发区',1,0,0,800,0,0,0,'','',0),(265,'育才书店','书店',3,'鲁巷广场购物中心关山超市','东湖新技术开发区',1,0,0,1100,0,0,0,'114.418899','30.502231',1),(266,'淘友书店','书店',3,'华科大喻园步行街5号','东湖新技术开发区',1,0,0,1200,0,0,0,'114.429679','30.520996',1),(267,'知友书苑','书店',3,'武汉工程大学流芳校区内','东湖新技术开发区',1,0,0,1600,0,0,0,'114.439317','30.467345',1),(268,'文星外语书店','书店',3,'中南政法大学南苑市场二楼','东湖新技术开发区',1,0,0,2000,0,0,0,'114.394469','30.483674',1),(269,'求知文具书店','书店',3,'流芳光谷二高对面','东湖新技术开发区',1,0,0,10000,0,0,0,'114.454516','30.440461',1),(270,'郑惠珍学生文具图书商店','书店',3,'豹澥镇新兴路','东湖新技术开发区',1,0,0,150000,0,0,0,'114.55726','30.464584',1),(271,'众成旧书店','书店',3,'中南政法大学西苑','东湖新技术开发区',1,0,0,151000,0,0,0,'114.391786','30.481413',1),(272,'蔡甸区新华书店','书店',3,'蔡甸街汉阳大街129号','蔡甸区',13,0,0,280,0,0,0,'114.0424','30.582781',1),(273,'武汉市武昌区文华书店','书店',3,'武汉市武昌区民主路737号','武昌区',5,0,0,0,0,0,0,'114.336396','30.550627',1),(274,'新华书店临空港大道店','书店',3,'临空港大道','东西湖区',3,0,0,0,0,0,0,'114.14329','30.641773',1),(275,'新华书店金银湖湿地公园店','书店',3,'金银湖湿地公园','东西湖区',3,0,0,0,0,0,0,'114.215629','30.645602',1),(276,'博大书店','书店',3,'吴家山三中对面','东西湖区',3,0,0,0,0,0,0,'114.136157','30.626723',1),(277,'长江汉风书局武汉有限公司','书店',3,'二七街黄浦大街86、88号（黄浦东宫）1栋1层2室','江岸区',9,0,0,0,0,0,0,'114.313365','30.620407',1),(278,'峰峰书店','书店',3,'高雄路15号','江岸区',9,0,0,0,0,0,0,'114.293505','30.599382',1),(279,'湖北贝贝熊母婴用品有限公司','书店',3,'香港路107号','江岸区',9,0,0,0,0,0,0,'114.295597','30.605852',1),(280,'湖北孩子王儿童用品有限公司武汉城市广场店','书店',3,'武汉市江岸区后湖大道与建设大道交汇处汉口城市广场B区、B区','江岸区',9,0,0,0,0,0,0,'114.317623','30.659814',1),(281,'湖北海景兰亭文化传媒有限公司','书店',3,'武汉市江岸区百步亭金桥汇1单元415','江岸区',9,0,0,0,0,0,0,'114.322609','30.658033',1),(282,'湖北科阳投资有限公司','书店',3,'武汉市江岸区百步亭金桥汇1单元4层16号房','江岸区',9,0,0,0,0,0,0,'114.322609','30.658033',1),(283,'湖北乐友超市有限公司二七路母婴用品店','书店',3,'江岸区二七街解放大道2159号航天星都C4栋一层21、20、15、14、13、12、11室二层7、8、9室','江岸区',9,0,0,0,0,0,0,'114.322558','30.627506',1),(284,'湖北乐友超市有限公司香港路母婴用品店','书店',3,'江岸区香港路107号','江岸区',9,0,0,0,0,0,0,'','',0),(285,'湖北纽云教育科技发展有限公司','书店',3,'武汉市江岸区解放大道1338号汉飞青年城22层2529室','江岸区',9,0,0,0,0,0,0,'114.312619','30.613538',1),(286,'湖北世纪海岸出版传媒有限公司','书店',3,'武汉市江岸区二七路航天星都（汉口东部购物公园）C1栋1单元15层11号','江岸区',9,0,0,0,0,0,0,'114.323124','30.62899',1),(287,'湖北中欧联合文化传媒有限公司','书店',3,'江岸区黄浦路39号','江岸区',9,0,0,0,0,0,0,'114.307348','30.622968',1),(288,'华润苏果超市（湖北）有限公司武汉后湖大道购物广场','书店',3,'江岸区百步亭花园路203号','江岸区',9,0,0,0,0,0,0,'114.322484','30.658734',1),(289,'华润苏果超市（湖北）有限公司武汉交易街大智嘉园便利店','书店',3,'江岸区1038号大智嘉园C栋39、40','江岸区',9,0,0,0,0,0,0,'114.299285','30.595447',1),(290,'慧语日杂店','书店',3,'百合苑205-6号','江岸区',9,0,0,0,0,0,0,'114.325998','30.65482',1),(291,'江岸区黄石路书店','书店',3,'黄石路42号','江岸区',9,0,0,0,0,0,0,'','',0),(292,'江岸区佳文胜文具店','书店',3,'惠济一路汉口商业大楼侧门','江岸区',9,0,0,0,0,0,0,'114.294581','30.617833',1),(293,'江岸区警予书店','书店',3,'铭新街106号','江岸区',9,0,0,0,0,0,0,'114.298979','30.593393',1),(294,'江岸区三燕书店','书店',3,'长春小区C栋一层七室','江岸区',9,0,0,0,0,0,0,'114.314769','30.610989',1),(295,'江岸区文桥书店','书店',3,'中山大道1407号','江岸区',9,0,0,0,0,0,0,'114.313997','30.610326',1),(296,'江岸区新希望书店','书店',3,'中山大道1548号','江岸区',9,0,0,0,0,0,0,'114.314819','30.61105',1),(297,'江岸区新阅书店','书店',3,'解放大道1783号','江岸区',9,0,0,0,0,0,0,'','',0),(298,'江岸区雅筑书店','书店',3,'江岸区胜利街347号附10号','江岸区',9,0,0,0,0,0,0,'114.316166','30.610981',1),(299,'路易威登（中国）商业销售有限公司武汉店','书店',3,'武汉市江岸区沿江大道160号','江岸区',9,0,0,0,0,0,0,'114.308678','30.591566',1),(300,'融智教材经销部','书店',3,'江岸区球场村31号','江岸区',9,0,0,0,0,0,0,'114.301273','30.604409',1),(301,'武汉爱婴岛网络科技有限公司','书店',3,'武汉市江岸区西马街香港路117号华美国际公寓A栋2层营业厅','江岸区',9,0,0,0,0,0,0,'114.294828','30.606898',1),(302,'武汉格瓦拉商贸有限公司','书店',3,'江岸区二七路316号金涛翰林苑7栋1502','江岸区',9,0,0,0,0,0,0,'114.31568','30.634545',1),(303,'武汉含英文化发展有限公司','书店',3,'武汉市江岸区黄孝河路95号德盛大厦B座1801室','江岸区',9,0,0,0,0,0,0,'114.292111','30.627207',1),(304,'武汉汉福超市有限公司二七分公司','书店',3,'江岸区二七路与解放大道交汇处东部购物公司CI区','江岸区',9,0,0,0,0,0,0,'114.325808','30.631622',1),(305,'武汉汉福超市有限公司建设分公司','书店',3,'江岸区建设大道937号','江岸区',9,0,0,0,0,0,0,'114.292234','30.612511',1),(306,'武汉好又多百货商业有限公司','书店',3,'武汉市江岸区黄兴路28号','江岸区',9,0,0,0,0,0,0,'114.303642','30.596429',1),(307,'武汉华源欣文化传媒有限公司','书店',3,'江岸区佳联大厦（皇冠世纪）16层1610室','江岸区',9,0,0,0,0,0,0,'114.332868','30.656091',1),(308,'武汉慧泽书业有限公司','书店',3,'解放公园路50号永成大厦705室','江岸区',9,0,0,0,0,0,0,'114.29306','30.616492',1),(309,'武汉界立方文化发展有限公司','书店',3,'武汉市江岸区合作路14号1-8','江岸区',9,0,0,0,0,0,0,'114.306397','30.589633',1),(310,'武汉金婴童文化传播有限公司','书店',3,'江岸区为群二村29号－308室','江岸区',9,0,0,0,0,0,0,'114.325649','30.635179',1),(311,'武汉梦竞聚星传媒有限公司','书店',3,'中胜村K1地块第1号办公楼6层28号房','江岸区',9,0,0,0,0,0,0,'114.570468','30.666812',1),(312,'武汉普信科文图书有限公司','书店',3,'武汉市江岸区东立国际25栋1006','江岸区',9,0,0,0,0,0,0,'114.319133','30.632614',1),(313,'武汉齐观商贸有限公司','书店',3,'武汉市江岸区文华里27号','江岸区',9,0,0,0,0,0,0,'114.332868','30.656091',1),(314,'武汉秦楚源文化有限责任公司','书店',3,'江岸区模范二村9#','江岸区',9,0,0,0,0,0,0,'114.430545','30.6461',1),(315,'武汉尚峰日盛商贸有限公司','书店',3,'江岸区金桥大道28号世纪家园-香利庭苑9栋2单元5层1室','江岸区',9,0,0,0,0,0,0,'114.2997','30.648248',1),(316,'武汉市聪明逗教育科技有限公司','书店',3,'江岸区台北一路2号（天下·国际公馆）1栋6单元19层2室','江岸区',9,0,0,0,0,0,0,'114.280944','30.599009',1),(317,'武汉市江岸区白领文化用品经部','书店',3,'武汉市江岸区黄孝河路附3号','江岸区',9,0,0,0,0,0,0,'114.291885','30.614886',1),(318,'武汉市江岸区宝丽文具店','书店',3,'武汉市江岸区二七新村第4栋第1层14号个体','江岸区',9,0,0,0,0,0,0,'114.332868','30.656091',1),(319,'武汉市江岸区笨拉拉文具店','书店',3,'江岸区惠济一路14号-1','江岸区',9,0,0,0,0,0,0,'114.295337','30.617338',1),(320,'武汉市江岸区博达书店','书店',3,'解放大道1491号','江岸区',9,0,0,0,0,0,0,'114.296771','30.598107',1),(321,'武汉市江岸区采图书店','书店',3,'江岸区黄石路安静后街3栋1单元102号','江岸区',9,0,0,0,0,0,0,'114.297094','30.59581',1),(322,'武汉市江岸区昌华书店','书店',3,'江岸区赵家条2#','江岸区',9,0,0,0,0,0,0,'114.304765','30.620982',1),(323,'武汉市江岸区朝晖书店','书店',3,'解放大道1495号','江岸区',9,0,0,0,0,0,0,'114.297059','30.598402',1),(324,'武汉市江岸区陈氏书斋','书店',3,'惠西小区16栋（台北二路86号）1层商业门面','江岸区',9,0,0,0,0,0,0,'114.2897','30.606612',1),(325,'武汉市江岸区成才少儿书屋','书店',3,'江岸区袁家墩99号1楼','江岸区',9,0,0,0,0,0,0,'114.310743','30.609236',1),(326,'武汉市江岸区大元书店','书店',3,'惠济一路劳动村31号','江岸区',9,0,0,0,0,0,0,'114.294425','30.617797',1),(327,'武汉市江岸区德芭书店','书店',3,'江岸区芦沟桥路武汉天地8号楼1楼','江岸区',9,0,0,0,0,0,0,'114.318838','30.613153',1),(328,'武汉市江岸区顶好文具店','书店',3,'武汉市江岸区中山大道1584号','江岸区',9,0,0,0,0,0,0,'114.315439','30.612195',1),(329,'武汉市江岸区发改史志书刊经营部','书店',3,'江岸区车站路2号2楼205室','江岸区',9,0,0,0,0,0,0,'114.30987','30.594709',1),(330,'武汉市江岸区芳草园文具经营部','书店',3,'武汉市江岸区二七街黄家墩309-1号1层2室','江岸区',9,0,0,0,0,0,0,'114.318313','30.627304',1),(331,'武汉市江岸区高静书刊经营部','书店',3,'武汉市江岸区友益街113-117号','江岸区',9,0,0,0,0,0,0,'114.304333','30.597737',1),(332,'武汉市江岸区光华文具店','书店',3,'武汉市江岸区光华路10号3单元1层3室','江岸区',9,0,0,0,0,0,0,'114.29902','30.610181',1),(333,'武汉市江岸区桂花书报刊店','书店',3,'解放大道1200号','江岸区',9,0,0,0,0,0,0,'114.306259','30.605636',1),(334,'武汉市江岸区海葆盐藻保健食品店','书店',3,'江岸区黄石路安静村1号1楼','江岸区',9,0,0,0,0,0,0,'114.295075','30.594884',1),(335,'武汉市江岸区汉墨图书销售中心','书店',3,'武汉市江岸区中山大道保华街2号武汉美术馆内','江岸区',9,0,0,0,0,0,0,'114.299391','30.589517',1),(336,'武汉市江岸区豪豪书店','书店',3,'江岸区坤厚里36号','江岸区',9,0,0,0,0,0,0,'114.308711','30.599403',1),(337,'武汉市江岸区鸿祥书店','书店',3,'徐洲新村418号','江岸区',9,0,0,0,0,0,0,'114.320939','30.633106',1),(338,'武汉市江岸区鸿远文具店','书店',3,'武汉市江岸区赵家条12号','江岸区',9,0,0,0,0,0,0,'114.304876','30.621472',1),(339,'武汉市江岸区华利文具店','书店',3,'武汉市江岸区胜利街203号','江岸区',9,0,0,0,0,0,0,'114.305727','30.594156',1),(340,'武汉市江岸区华帅教育书店','书店',3,'江岸区解放公园路43号','江岸区',9,0,0,0,0,0,0,'','',0),(341,'武汉市江岸区华文书店','书店',3,'解放大道829号','江岸区',9,0,0,0,0,0,0,'114.253416','30.581915',1),(342,'武汉市江岸区黄实路书店','书店',3,'武汉市江岸区解放大道1022号附3号','江岸区',9,0,0,0,0,0,0,'114.295015','30.595135',1),(343,'武汉市江岸区惠小文具商店','书店',3,'江岸区赵家条2号','江岸区',9,0,0,0,0,0,0,'114.304765','30.620982',1),(344,'武汉市江岸区江城建筑书店','书店',3,'江岸区解放公园路48号7栋','江岸区',9,0,0,0,0,0,0,'114.294005','30.615918',1),(345,'武汉市江岸区捷奥书店','书店',3,'江岸区二七路89号东立国际小区24栋3单元103室','江岸区',9,0,0,0,0,0,0,'114.319991','30.632901',1),(346,'武汉市江岸区今天书店','书店',3,'解放大道1078号1层1室','江岸区',9,0,0,0,0,0,0,'114.29871','30.598918',1),(347,'武汉市江岸区靓点书店','书店',3,'江岸区胜利街310号附2号','江岸区',9,0,0,0,0,0,0,'114.316854','30.611217',1),(348,'武汉市江岸区快乐读书吧','书店',3,'解放公园路97号','江岸区',9,0,0,0,0,0,0,'114.292412','30.616707',1),(349,'武汉市江岸区老三文具店','书店',3,'武汉市江岸区光华路7号1单元','江岸区',9,0,0,0,0,0,0,'114.298699','30.610437',1),(350,'武汉市江岸区乐天堂文化用品经营部','书店',3,'中山大道1519号','江岸区',9,0,0,0,0,0,0,'114.315025','30.611965',1),(351,'武汉市江岸区乐影书店','书店',3,'汉口球场路（六中对面）','江岸区',9,0,0,0,0,0,0,'114.298054','30.607062',1),(352,'武汉市江岸区立生书报经营部','书店',3,'江岸区汉黄路21号12号门','江岸区',9,0,0,0,0,0,0,'114.334881','30.673159',1),(353,'武汉市江岸区流年音乐书吧','书店',3,'武汉市江岸区南京路63号（金丰大厦一楼）','江岸区',9,0,0,0,0,0,0,'114.310075','30.609847',1),(354,'武汉市江岸区璐璐书店','书店',3,'江岸区解放公园路41号8栋1楼','江岸区',9,0,0,0,0,0,0,'114.307245','30.609008',1),(355,'武汉市江岸区满分书店','书店',3,'江岸区光华路7号2单元一楼','江岸区',9,0,0,0,0,0,0,'114.298699','30.610437',1),(356,'武汉市江岸区萌新书店','书店',3,'江岸区大智公寓C座10层09室','江岸区',9,0,0,0,0,0,0,'114.300923','30.595426',1),(357,'武汉市江岸区梦梦食杂店','书店',3,'江岸区袁家墩99号1-3房','江岸区',9,0,0,0,0,0,0,'114.310743','30.609236',1),(358,'武汉市江岸区梦梦文具店','书店',3,'武汉市江岸区百步亭花园安居苑A区118-114栋间1层60室','江岸区',9,0,0,0,0,0,0,'114.325745','30.653222',1),(359,'武汉市江岸区明天书店','书店',3,'江大路4栋1层4号商网','江岸区',9,0,0,0,0,0,0,'114.295553','30.623807',1),(360,'武汉市江岸区其文书店','书店',3,'育才一村71号','江岸区',9,0,0,0,0,0,0,'114.291969','30.619756',1),(361,'武汉市江岸区奇彩文具店','书店',3,'武汉市江岸区黄孝河路附3号','江岸区',9,0,0,0,0,0,0,'114.291885','30.614886',1),(362,'武汉市江岸区奇点教育咨询服务部','书店',3,'解放大道球场村2号绿茵仁居A单元3层2室','江岸区',9,0,0,0,0,0,0,'114.301658','30.604215',1),(363,'武汉市江岸区启明星书店','书店',3,'江岸区为群二村29-3-7号','江岸区',9,0,0,0,0,0,0,'114.32596','30.637012',1),(364,'武汉市江岸区启智书店','书店',3,'江岸区百步亭花园温馨园C区513-4-401','江岸区',9,0,0,0,0,0,0,'114.324075','30.650146',1),(365,'武汉市江岸区清晨书屋','书店',3,'江岸区劳动街下陈家湖38单元601室','江岸区',9,0,0,0,0,0,0,'114.303961','30.606587',1),(366,'武汉市江岸区秋霞书屋','书店',3,'江岸区球场路115号4单元102室','江岸区',9,0,0,0,0,0,0,'114.29554','30.609931',1),(367,'武汉市江岸区仁义书店','书店',3,'武汉市江岸区三合街12号','江岸区',9,0,0,0,0,0,0,'114.307261','30.607936',1),(368,'武汉市江岸区润涛史志书刊经营部','书店',3,'江岸区车站路2号2楼203室','江岸区',9,0,0,0,0,0,0,'114.30987','30.594709',1),(369,'武汉市江岸区润泽书刊经营部','书店',3,'江岸区车站路2号2楼','江岸区',9,0,0,0,0,0,0,'114.30987','30.594709',1),(370,'武汉市江岸区少儿书店','书店',3,'解放公园小区10栋底层商网','江岸区',9,0,0,0,0,0,0,'114.312527','30.611617',1),(371,'武汉市江岸区时代龙腾书店','书店',3,'江岸区百步亭花园73号温馨苑AB区115栋3单元6楼2室','江岸区',9,0,0,0,0,0,0,'114.323645','30.650773',1),(372,'武汉市江岸区时代书店','书店',3,'解放大道994号','江岸区',9,0,0,0,0,0,0,'114.292104','30.592017',1),(373,'武汉市江岸区舒书乐报刊文具店','书店',3,'香港陆168号29号','江岸区',9,0,0,0,0,0,0,'114.332868','30.656091',1),(374,'武汉市江岸区台北书店','书店',3,'解放大道779-2号','江岸区',9,0,0,0,0,0,0,'114.251211','30.583318',1),(375,'武汉市江岸区拓新书店','书店',3,'江岸区光华路18号-6','江岸区',9,0,0,0,0,0,0,'114.299009','30.610532',1),(376,'武汉市江岸区万种书店','书店',3,'解放大道1449号','江岸区',9,0,0,0,0,0,0,'114.294131','30.595052',1),(377,'武汉市江岸区望生书店','书店',3,'解放大道1000号','江岸区',9,0,0,0,0,0,0,'114.292556','30.592542',1),(378,'武汉市江岸区微笑绘本馆','书店',3,'武汉市江岸区佳海名苑1栋2-4层2室','江岸区',9,0,0,0,0,0,0,'114.332868','30.656091',1),(379,'武汉市江岸区薇琪文具店','书店',3,'武汉市江岸区永清街吉林路电信还建楼1层3室','江岸区',9,0,0,0,0,0,0,'114.314153','30.61614',1),(380,'武汉市江岸区文博书店','书店',3,'中山大道1433号','江岸区',9,0,0,0,0,0,0,'114.31427','30.610736',1),(381,'武汉市江岸区文琼书刊经营部','书店',3,'江岸区车站路2号2楼204室','江岸区',9,0,0,0,0,0,0,'114.30987','30.594709',1),(382,'武汉市江岸区希瑞书店','书店',3,'武汉市江岸区谌家矶新建村（广杆村1号）','江岸区',9,0,0,0,0,0,0,'114.377193','30.696524',1),(383,'武汉市江岸区夏港烟酒店','书店',3,'武汉市江岸区进化村128号','江岸区',9,0,0,0,0,0,0,'114.332868','30.656091',1),(384,'武汉市江岸区向阳花书社','书店',3,'江岸区兴业南路东方华府16-2-402','江岸区',9,0,0,0,0,0,0,'114.306378','30.641305',1),(385,'武汉市江岸区小方书店','书店',3,'解放大道580号','江岸区',9,0,0,0,0,0,0,'114.261668','30.583743',1),(386,'武汉市江岸区小金牛书屋','书店',3,'江岸区汉口花园逸松庭3栋1单元101室','江岸区',9,0,0,0,0,0,0,'114.276474','30.639574',1),(387,'武汉市江岸区小灵通文化用品商店','书店',3,'惠济一路劳动村53号','江岸区',9,0,0,0,0,0,0,'114.294125','30.618031',1),(388,'武汉市江岸区心朋文具店','书店',3,'江岸区惠济一路14号4栋一层','江岸区',9,0,0,0,0,0,0,'114.295337','30.617338',1),(389,'武汉市江岸区欣宇书店','书店',3,'武汉市江岸区百步亭花园温馨苑D区402栋1单元5层2室','江岸区',9,0,0,0,0,0,0,'114.325287','30.648934',1),(390,'武汉市江岸区新建喜喜文具用品商店','书店',3,'武汉市江岸区谌家矶余山村26-1号','江岸区',9,0,0,0,0,0,0,'114.378347','30.682668',1),(391,'武汉市江岸区新乐天堂文化用品经营部','书店',3,'郝梦龄路9号','江岸区',9,0,0,0,0,0,0,'114.315368','30.610873',1),(392,'武汉市江岸区新书店','书店',3,'汉口球场路149号一楼','江岸区',9,0,0,0,0,0,0,'114.297584','30.607567',1),(393,'武汉市江岸区新宇图书电子商务经营部','书店',3,'武汉市江岸区黄孝河路育才一村24号2-702','江岸区',9,0,0,0,0,0,0,'114.292351','30.621112',1),(394,'武汉市江岸区鑫鹏程文具店','书店',3,'武汉市江岸区吉林路还建1夹层商1室1室及1层商3楼','江岸区',9,0,0,0,0,0,0,'114.332868','30.656091',1),(395,'武汉市江岸区鑫星阁日用品店','书店',3,'武汉市江岸区百步亭花园百合苑205-206栋之间商铺1层','江岸区',9,0,0,0,0,0,0,'114.325998','30.65482',1),(396,'武汉市江岸区星海图书店','书店',3,'惠济一路15号','江岸区',9,0,0,0,0,0,0,'114.293102','30.618782',1),(397,'武汉市江岸区秀雅书苑','书店',3,'解放大道843-3','江岸区',9,0,0,0,0,0,0,'114.253686','30.581893',1),(398,'武汉市江岸区学海百货店','书店',3,'武汉市江岸区京汉大道A栋1层7室','江岸区',9,0,0,0,0,0,0,'114.293739','30.591449',1),(399,'武汉市江岸区寻梦文具店','书店',3,'武汉市江岸区吉林路还建1夹层商1室1室及1层商3楼','江岸区',9,0,0,0,0,0,0,'114.332868','30.656091',1),(400,'武汉市江岸区燕子伊人书店','书店',3,'江岸区永清小区4栋3单元2层5室','江岸区',9,0,0,0,0,0,0,'114.30586','30.619596',1),(401,'武汉市江岸区阳光天使日用百货商店','书店',3,'江岸区汉口花园一期B区1栋14号门','江岸区',9,0,0,0,0,0,0,'114.276474','30.639574',1),(402,'武汉市江岸区一家子副食店','书店',3,'武汉市江岸区江汉一路58号','江岸区',9,0,0,0,0,0,0,'114.297324','30.587347',1),(403,'武汉市江岸区亦殊书屋','书店',3,'江岸区鄱阳街79号','江岸区',9,0,0,0,0,0,0,'114.304929','30.591229',1),(404,'武汉市江岸区益岑书店','书店',3,'武汉市江岸区中山大道1875号','江岸区',9,0,0,0,0,0,0,'114.308369','30.597808',1),(405,'武汉市江岸区煜一帆文化传媒有限公司','书店',3,'台东路59号','江岸区',9,0,0,0,0,0,0,'114.294864','30.599424',1),(406,'武汉市江岸区圆愿书店','书店',3,'中一花园3幢1单元8层802号房','江岸区',9,0,0,0,0,0,0,'114.286092','30.639298',1),(407,'武汉市江岸区志史书刊经营部','书店',3,'武汉市江岸区车站路2号2楼','江岸区',9,0,0,0,0,0,0,'114.30987','30.594709',1),(408,'武汉市江岸区紫琪电子商务经营部','书店',3,'武汉市江岸区竹叶山高才里16号3楼1室','江岸区',9,0,0,0,0,0,0,'114.274736','30.596429',1),(409,'武汉市盛鑫晟商贸有限公司','书店',3,'江岸区黄家墩309-2#1层4室','江岸区',9,0,0,0,0,0,0,'114.318313','30.627304',1),(410,'武汉市书博士文化发展有限公司','书店',3,'武汉市江岸区长湖地三村86号','江岸区',9,0,0,0,0,0,0,'114.327321','30.642285',1),(411,'武汉市新华书店','书店',3,'黄浦科技园特11号','江岸区',9,0,0,0,0,0,0,'114.286615','30.634473',1),(412,'武汉市新华书店股份有限公司图书批销中心','书店',3,'黄浦科技园特19号','江岸区',9,0,0,0,0,0,0,'114.286615','30.634473',1),(413,'武汉市学思海文化传播有限公司','书店',3,'江岸区百步亭花园景兰苑303栋3单元1层3室','江岸区',9,0,0,0,0,0,0,'114.324857','30.666941',1),(414,'武汉市洋溢文化传播有限公司','书店',3,'江岸区汉口花园五期8栋3单元901室','江岸区',9,0,0,0,0,0,0,'114.276474','30.639574',1),(415,'武汉双菱华盛经贸有限责任公司','书店',3,'江岸区保成路118号一楼','江岸区',9,0,0,0,0,0,0,'114.295102','30.590564',1),(416,'武汉思羽星晨教育咨询有限公司','书店',3,'江岸区金桥大道28世纪家园－香利庭苑6栋1单元14层3室','江岸区',9,0,0,0,0,0,0,'114.2997','30.648248',1),(417,'武汉天使阳光教育文化传播有限公司','书店',3,'武汉市江岸区后湖乡跃进村、石桥村、江汉区姑嫂树汉口花园四期C30栋1层商2','江岸区',9,0,0,0,0,0,0,'114.28201','30.637201',1),(418,'武汉童畅文化传播有限公司','书店',3,'江岸区东方明珠武汉天地33栋1单元901室','江岸区',9,0,0,0,0,0,0,'114.318838','30.613153',1),(419,'武汉武商量贩连锁有限公司永清路量贩店','书店',3,'武汉市江岸区永清路20号007号','江岸区',9,0,0,0,0,0,0,'','',0),(420,'武汉武商量贩连锁有限公司竹叶山店','书店',3,'江岸区赵家条尾村319号','江岸区',9,0,0,0,0,0,0,'114.301949','30.632503',1),(421,'武汉武商量贩有限公司龙庭量贩店','书店',3,'武汉市江岸区百步亭花园百步龙庭102栋1单元','江岸区',9,0,0,0,0,0,0,'114.324132','30.659374',1),(422,'武汉武商量贩有限公司怡和苑量贩店','书店',3,'市江岸区后湖乡幸福大道兴业路312号','江岸区',9,0,0,0,0,0,0,'114.31642','30.650829',1),(423,'武汉先驱蚂蚁文化传播有限公司','书店',3,'武汉市江岸区百步亭怡和苑601－1－102','江岸区',9,0,0,0,0,0,0,'114.317701','30.650447',1),(424,'武汉小蝌蚪广告设计有限公司','书店',3,'江岸区东方明珠30栋2单元901室','江岸区',9,0,0,0,0,0,0,'114.305292','30.64351',1),(425,'武汉小蝌蚪商贸有限公司','书店',3,'江岸区金涛翰林苑7栋1402室','江岸区',9,0,0,0,0,0,0,'114.31568','30.634545',1),(426,'武汉小状元图书有限公司','书店',3,'武汉市江岸区堤角村肉联宿舍3栋5层4室','江岸区',9,0,0,0,0,0,0,'114.347796','30.668601',1),(427,'武汉新华书店股份有限公司音像书店','书店',3,'江岸区黄埔科技园特11号','江岸区',9,0,0,0,0,0,0,'114.296737','30.614323',1),(428,'武汉幸福悦读文化传媒有限公司','书店',3,'洞庭街127号','江岸区',9,0,0,0,0,0,0,'114.309555','30.595923',1),(429,'武汉英百特商贸有限公司','书店',3,'江岸区金涛翰林苑7栋1402室','江岸区',9,0,0,0,0,0,0,'114.31568','30.634545',1),(430,'武汉云笔记文化发展有限公司','书店',3,'武汉市江岸区江岸路12号锦湖金利花园1幢1单元10层03号房','江岸区',9,0,0,0,0,0,0,'114.35027','30.667719',1),(431,'武汉知宝贝文化有限公司','书店',3,'武汉市江岸区江大路111号北斗大厦-1至19层80号','江岸区',9,0,0,0,0,0,0,'114.289383','30.624081',1),(432,'武汉智慧源图书有限公司','书店',3,'武汉市江岸区后湖大道同安家园53栋1单元3103','江岸区',9,0,0,0,0,0,0,'','',0),(433,'武汉智杰启美文化教育发展有限公司','书店',3,'武汉市江岸区解放大道航天双城C1栋1单元25层3室','江岸区',9,0,0,0,0,0,0,'114.321384','30.628799',1),(434,'武汉中百连锁仓储有限公司黄浦路购物广场','书店',3,'武汉市江岸区黄浦路218号','江岸区',9,0,0,0,0,0,0,'114.308332','30.623165',1),(435,'武汉卓尔中心投资有限公司','书店',3,'武汉市江岸区劳动街惠济路3号5楼','江岸区',9,0,0,0,0,0,0,'114.293667','30.610758',1),(436,'星星阁饰品店','书店',3,'百合苑205-3号','江岸区',9,0,0,0,0,0,0,'114.325998','30.65482',1),(437,'怡康读友书店','书店',3,'百步亭小区怡康苑南区504－3号','江岸区',9,0,0,0,0,0,0,'','',0),(438,'中百仓储超市有限公司百步亭花园路店','书店',3,'江岸区百步亭花园路1-A处商网','江岸区',9,0,0,0,0,0,0,'114.325618','30.651147',1),(439,'中百仓储超市有限公司汉口花园店','书店',3,'江岸区后湖大道汉口花园社区汉口花园广场(淡莲轩商业地块)地上一层、二层、三层','江岸区',9,0,0,0,0,0,0,'114.276474','30.639574',1),(440,'卓尔书店（武汉）有限公司','书店',3,'江岸区惠济路3号','江岸区',9,0,0,0,0,0,0,'114.293667','30.610758',1),(441,'武汉百佳超级市场有限公司','书店',3,'武汉市江岸区黄孝河路49号','江岸区',9,0,0,0,0,0,0,'114.291631','30.623781',1),(442,'武汉武商量贩连锁有限公司龙庭量贩店','书店',3,'武汉市江岸区百步亭花园百步龙庭102栋1单元','江岸区',9,0,0,0,0,0,0,'114.324132','30.659374',1),(443,'武汉市江岸区完美电脑耗材网络经营部','书店',3,'袁家墩99号','江岸区',9,0,0,0,0,0,0,'114.310743','30.609236',1),(444,'湖北中阅联创文化有限公司','书店',3,'武汉市江岸区二七路航天星都（汉口东部购物公园）C1栋1单元15层11号','江岸区',9,0,0,0,0,0,0,'114.323124','30.62899',1),(445,'湖北纽云教育科技发展公司','书店',3,'武汉市江岸区二七街黄浦大街86、88号（黄埔东宫）1栋A单元24层7室','江岸区',9,0,0,0,0,0,0,'114.313111','30.620715',1),(446,'武汉鼎韵燃点艺术设计有限公司','书店',3,'武汉市江岸区一元街洞庭街77号','江岸区',9,0,0,0,0,0,0,'114.30711','30.592844',1),(447,'武汉杰文史志文化发展有限责任公司','书店',3,'车站路2号立兴巷附10号','江岸区',9,0,0,0,0,0,0,'114.30987','30.594709',1),(448,'湖北完行父母心理咨询有限公司','书店',3,'二七路航天星都汉口东部购物公园5幢2层46号','江岸区',9,0,0,0,0,0,0,'114.323124','30.62899',1),(449,'同益书店','书店',3,'兴业路特19号华中图书交易中心B115','江岸区',9,0,0,0,0,0,0,'114.284898','30.6335',1),(450,'百家书社','书店',3,'兴业路特19号华中图书交易中心C216','江岸区',9,0,0,0,0,0,0,'114.284898','30.6335',1),(451,'百科书社','书店',3,'兴业路特19号华中图书交易中心D219-兴业路特19号华中图书交易中心D220','江岸区',9,0,0,0,0,0,0,'114.284898','30.6335',1),(452,'北湖书社','书店',3,'兴业路特19号华中图书交易中心C302','江岸区',9,0,0,0,0,0,0,'114.284898','30.6335',1),(453,'滨江格物文化发展有限责任公司','书店',3,'兴业路特19号华中图书交易中心A611','江岸区',9,0,0,0,0,0,0,'120.19237','30.187588',1),(454,'博达外国语书店','书店',3,'兴业路特19号华中图书交易中心A109','江岸区',9,0,0,0,0,0,0,'114.284898','30.6335',1),(455,'楚风书店','书店',3,'兴业路特19号华中图书交易中心A108','江岸区',9,0,0,0,0,0,0,'114.284898','30.6335',1),(456,'楚英文桥图书经营部','书店',3,'兴业路特19号华中图书交易中心C225兴业路特19号华中图书交易中心C226','江岸区',9,0,0,0,0,0,0,'114.284898','30.6335',1),(457,'传奇书店','书店',3,'兴业路特19号华中图书交易中心C112','江岸区',9,0,0,0,0,0,0,'114.284898','30.6335',1),(458,'春秋书店','书店',3,'兴业路特19号华中图书交易中心C106兴业路特19号华中图书交易中心C107','江岸区',9,0,0,0,0,0,0,'114.284898','30.6335',1),(459,'纯阳书店','书店',3,'兴业路特19号华中图书交易中心D207','江岸区',9,0,0,0,0,0,0,'114.284898','30.6335',1),(460,'大风音乐美术书店','书店',3,'兴业路特19号华中图书交易中心D203兴业路特19号华中图书交易中心D205','江岸区',9,0,0,0,0,0,0,'114.284898','30.6335',1),(461,'大公书店','书店',3,'兴业路特19号华中图书交易中心B109110','江岸区',9,0,0,0,0,0,0,'114.284898','30.6335',1),(462,'大唐书苑','书店',3,'兴业路特19号华中图书交易中心D222','江岸区',9,0,0,0,0,0,0,'114.284898','30.6335',1),(463,'德荣书店','书店',3,'兴业路特19号华中图书交易中心C220','江岸区',9,0,0,0,0,0,0,'114.284898','30.6335',1),(464,'地图书店','书店',3,'兴业路特19号华中图书交易中心B102-兴业路特19号华中图书交易中心B103','江岸区',9,0,0,0,0,0,0,'114.284898','30.6335',1),(465,'点开文化传播有限公司','书店',3,'兴业路特19号华中图书交易中心B312','江岸区',9,0,0,0,0,0,0,'114.284898','30.6335',1),(466,'方舟书店','书店',3,'兴业路特19号华中图书交易中心A312','江岸区',9,0,0,0,0,0,0,'114.284898','30.6335',1),(467,'丰源教育书店','书店',3,'兴业路特19号华中图书交易中心D123-兴业路特19号华中图书交易中心D125','江岸区',9,0,0,0,0,0,0,'114.284898','30.6335',1),(468,'峰源书店','书店',3,'兴业路特19号华中图书交易中心B223','江岸区',9,0,0,0,0,0,0,'114.284898','30.6335',1),(469,'高顺书画店','书店',3,'兴业路特19号华中图书交易中心B228-230','江岸区',9,0,0,0,0,0,0,'114.284898','30.6335',1),(470,'格林图书经营部','书店',3,'兴业路特19号华中图书交易中心D330','江岸区',9,0,0,0,0,0,0,'114.284898','30.6335',1),(471,'格物书店','书店',3,'兴业路特19号华中图书交易中心D311','江岸区',9,0,0,0,0,0,0,'114.284898','30.6335',1),(472,'光大书店','书店',3,'兴业路特19号华中图书交易中心C103','江岸区',9,0,0,0,0,0,0,'114.284898','30.6335',1),(473,'光明书业经营部','书店',3,'兴业路特19号华中图书交易中心D315','江岸区',9,0,0,0,0,0,0,'114.284898','30.6335',1),(474,'广发书店','书店',3,'兴业路特19号华中图书交易中心B125兴业路特19号华中图书交易中心B126','江岸区',9,0,0,0,0,0,0,'114.284898','30.6335',1),(475,'广师书店','书店',3,'兴业路特19号华中图书交易中心D2','江岸区',9,0,0,0,0,0,0,'114.284898','30.6335',1),(476,'国誉艺术书社','书店',3,'兴业路特19号华中图书交易中心D126、127','江岸区',9,0,0,0,0,0,0,'114.284898','30.6335',1),(477,'海洋科技书店','书店',3,'兴业路特19号华中图书交易中心D222','江岸区',9,0,0,0,0,0,0,'','',0),(478,'好好书店','书店',3,'兴业路特19号华中图书交易中心C219','江岸区',9,0,0,0,0,0,0,'114.284898','30.6335',1),(479,'浩瀚书店','书店',3,'兴业路特19号华中图书交易中心D109兴业路特19号华中图书交易中心D110','江岸区',9,0,0,0,0,0,0,'114.284898','30.6335',1),(480,'浩天书店','书店',3,'兴业路特19号华中图书交易中心B309','江岸区',9,0,0,0,0,0,0,'114.284898','30.6335',1),(481,'禾呈期刊社','书店',3,'兴业路特19号华中图书交易中心C125兴业路特19号华中图书交易中心C126','江岸区',9,0,0,0,0,0,0,'114.284898','30.6335',1),(482,'恒大书店','书店',3,'兴业路特19号华中图书交易中心C203','江岸区',9,0,0,0,0,0,0,'114.284898','30.6335',1),(483,'恒利书店','书店',3,'兴业路特19号华中图书交易中心C227兴业路特19号华中图书交易中心C228','江岸区',9,0,0,0,0,0,0,'114.284898','30.6335',1),(484,'恒益书店','书店',3,'兴业路特19号华中图书交易中心B203兴业路特19号华中图书交易中心B205','江岸区',9,0,0,0,0,0,0,'114.284898','30.6335',1),(485,'宏星书画店','书店',3,'兴业路特19号华中图书交易中心D112-兴业路特19号华中图书交易中心D115','江岸区',9,0,0,0,0,0,0,'114.284898','30.6335',1),(486,'鸿达书店','书店',3,'兴业路特19号华中图书交易中心D306','江岸区',9,0,0,0,0,0,0,'114.284898','30.6335',1),(487,'湖北钟书文化传媒有限公司武汉书店','书店',3,'兴业路特19号华中图书交易中心D202','江岸区',9,0,0,0,0,0,0,'114.284898','30.6335',1),(488,'华诚书店','书店',3,'兴业路特19号华中图书交易中心B323','江岸区',9,0,0,0,0,0,0,'114.284898','30.6335',1),(489,'华红科教书店','书店',3,'兴业路特19号华中图书交易中心C309-2','江岸区',9,0,0,0,0,0,0,'114.284898','30.6335',1),(490,'华湘图书经营部','书店',3,'兴业路特19号华中图书交易中心B101','江岸区',9,0,0,0,0,0,0,'114.284898','30.6335',1),(491,'华信书刊经营部','书店',3,'兴业路特19号华中图书交易中心D121兴业路特19号华中图书交易中心D122','江岸区',9,0,0,0,0,0,0,'114.284898','30.6335',1),(492,'华阳书店','书店',3,'兴业路特19号华中图书交易中心B221兴业路特19号华中图书交易中心B222','江岸区',9,0,0,0,0,0,0,'114.284898','30.6335',1),(493,'华宇书店','书店',3,'兴业路特19号华中图书交易中心B220','江岸区',9,0,0,0,0,0,0,'114.284898','30.6335',1),(494,'寰岛书社','书店',3,'兴业路特19号华中图书交易中心B306','江岸区',9,0,0,0,0,0,0,'114.284898','30.6335',1),(495,'惠成书店','书店',3,'兴业路特19号华中图书交易中心A112','江岸区',9,0,0,0,0,0,0,'114.284898','30.6335',1),(496,'慧通书店','书店',3,'兴业路特19号华中图书交易中心D102兴业路特19号华中图书交易中心D103','江岸区',9,0,0,0,0,0,0,'114.284898','30.6335',1),(497,'吉庆书店','书店',3,'兴业路特19号华中图书交易中心C202','江岸区',9,0,0,0,0,0,0,'114.284898','30.6335',1),(498,'极地阳光','书店',3,'兴业路特19号华中图书交易中心C207','江岸区',9,0,0,0,0,0,0,'114.284898','30.6335',1),(499,'集英书店','书店',3,'兴业路特19号华中图书交易中心C229兴业路特19号华中图书交易中心C230','江岸区',9,0,0,0,0,0,0,'114.284898','30.6335',1),(500,'佳华书店','书店',3,'兴业路特19号华中图书交易中心D320','江岸区',9,0,0,0,0,0,0,'114.284898','30.6335',1),(501,'佳兴书社','书店',3,'兴业路特19号华中图书交易中心B302','江岸区',9,0,0,0,0,0,0,'114.284898','30.6335',1),(502,'建康书店','书店',3,'兴业路特19号华中图书交易中心C222','江岸区',9,0,0,0,0,0,0,'114.284898','30.6335',1),(503,'建文书店','书店',3,'兴业路特19号华中图书交易中心D106兴业路特19号华中图书交易中心D107','江岸区',9,0,0,0,0,0,0,'114.284898','30.6335',1),(504,'江潮书店','书店',3,'兴业路特19号华中图书交易中心B231','江岸区',9,0,0,0,0,0,0,'114.284898','30.6335',1),(505,'江城学生书店','书店',3,'兴业路特19号华中图书交易中心B209','江岸区',9,0,0,0,0,0,0,'111.930036','21.762804',1),(506,'江华书社','书店',3,'兴业路特19号华中图书交易中心B212','江岸区',9,0,0,0,0,0,0,'111.752496','24.977642',1),(507,'交科书店','书店',3,'兴业路特19号华中图书交易中心C327兴业路特19号华中图书交易中心C328','江岸区',9,0,0,0,0,0,0,'114.284898','30.6335',1),(508,'锦绣书店','书店',3,'兴业路特19号华中图书交易中心C307','江岸区',9,0,0,0,0,0,0,'114.284898','30.6335',1),(509,'静泊文化书店','书店',3,'兴业路特19号华中图书交易中心A302','江岸区',9,0,0,0,0,0,0,'114.284898','30.6335',1),(510,'九洲书店','书店',3,'兴业路特19号华中图书交易中心D209','江岸区',9,0,0,0,0,0,0,'114.284898','30.6335',1),(511,'黎明书店','书店',3,'兴业路特19号华中图书交易中心C328','江岸区',9,0,0,0,0,0,0,'114.284898','30.6335',1),(512,'理想文化书店','书店',3,'兴业路特19号华中图书交易中心C205','江岸区',9,0,0,0,0,0,0,'114.284898','30.6335',1),(513,'联新书店','书店',3,'兴业路特19号华中图书交易中心C406-407','江岸区',9,0,0,0,0,0,0,'114.284898','30.6335',1),(514,'猎豹书店','书店',3,'兴业路特19号华中图书交易中心C301','江岸区',9,0,0,0,0,0,0,'114.284898','30.6335',1),(515,'林峰书店','书店',3,'兴业路特19号华中图书交易中心D310','江岸区',9,0,0,0,0,0,0,'','',0),(516,'禄源书店','书店',3,'兴业路特19号华中图书交易中心B315','江岸区',9,0,0,0,0,0,0,'114.284898','30.6335',1),(517,'路诚书店','书店',3,'兴业路特19号华中图书交易中心B317','江岸区',9,0,0,0,0,0,0,'114.284898','30.6335',1),(518,'明知书店','书店',3,'兴业路特19号华中图书交易中心C121兴业路特19号华中图书交易中心C129','江岸区',9,0,0,0,0,0,0,'114.284898','30.6335',1),(519,'南大书店','书店',3,'兴业路特19号华中图书交易中心D116兴业路特19号华中图书交易中心D117','江岸区',9,0,0,0,0,0,0,'114.284898','30.6335',1),(520,'培教图书有限责任公司','书店',3,'兴业路特19号华中图书交易中心A101','江岸区',9,0,0,0,0,0,0,'114.284898','30.6335',1),(521,'朋友书店','书店',3,'兴业路特19号华中图书交易中心C217','江岸区',9,0,0,0,0,0,0,'114.284898','30.6335',1),(522,'鹏达书社','书店',3,'兴业路特19号华中图书交易中心C108','江岸区',9,0,0,0,0,0,0,'114.284898','30.6335',1),(523,'奇源书店','书店',3,'兴业路特19号华中图书交易中心C306','江岸区',9,0,0,0,0,0,0,'114.284898','30.6335',1),(524,'启航书店','书店',3,'兴业路特19号华中图书交易中心D111','江岸区',9,0,0,0,0,0,0,'114.284898','30.6335',1),(525,'千里马书社','书店',3,'兴业路特19号华中图书交易中心B112','江岸区',9,0,0,0,0,0,0,'114.284898','30.6335',1),(526,'沁园书店','书店',3,'兴业路特19号华中图书交易中心D305','江岸区',9,0,0,0,0,0,0,'114.284898','30.6335',1),(527,'青风书店','书店',3,'兴业路特19号华中图书交易中心D317','江岸区',9,0,0,0,0,0,0,'114.284898','30.6335',1),(528,'群英书画店','书店',3,'兴业路特19号华中图书交易中心B330','江岸区',9,0,0,0,0,0,0,'114.284898','30.6335',1),(529,'润来书社','书店',3,'兴业路特19号华中图书交易中心D329','江岸区',9,0,0,0,0,0,0,'114.284898','30.6335',1),(530,'三人行书店','书店',3,'兴业路特19号华中图书交易中心B306','江岸区',9,0,0,0,0,0,0,'114.284898','30.6335',1),(531,'三鑫书社','书店',3,'兴业路特19号华中图书交易中心B308','江岸区',9,0,0,0,0,0,0,'114.284898','30.6335',1),(532,'三页文化书店','书店',3,'兴业路特19号华中图书交易中心C115兴业路特19号华中图书交易中心C116','江岸区',9,0,0,0,0,0,0,'114.284898','30.6335',1),(533,'山丹丹书店','书店',3,'兴业路特19号华中图书交易中心B208','江岸区',9,0,0,0,0,0,0,'114.284898','30.6335',1),(534,'上智书店','书店',3,'兴业路特19号华中图书交易中心C209-1','江岸区',9,0,0,0,0,0,0,'114.284898','30.6335',1),(535,'世纪方舟图书经营部','书店',3,'兴业路特19号华中图书交易中心A331*','江岸区',9,0,0,0,0,0,0,'114.284898','30.6335',1),(536,'世文书店','书店',3,'兴业路特19号华中图书交易中心C208','江岸区',9,0,0,0,0,0,0,'','',0),(537,'顺心书店','书店',3,'兴业路特19号华中图书交易中心B329','江岸区',9,0,0,0,0,0,0,'114.284898','30.6335',1),(538,'泰来书店','书店',3,'兴业路特19号华中图书交易中心C109兴业路特19号华中图书交易中心C110','江岸区',9,0,0,0,0,0,0,'123.558048','46.60329',1),(539,'天立书店','书店',3,'兴业路特19号华中图书交易中心B215','江岸区',9,0,0,0,0,0,0,'114.284898','30.6335',1),(540,'通宝文化书店','书店',3,'兴业路特19号华中图书交易中心D326','江岸区',9,0,0,0,0,0,0,'114.284898','30.6335',1),(541,'同舟书店','书店',3,'兴业路特19号华中图书交易中心C2-1','江岸区',9,0,0,0,0,0,0,'114.284898','30.6335',1),(542,'童宇书店','书店',3,'兴业路特19号华中图书交易中心D325','江岸区',9,0,0,0,0,0,0,'114.284898','30.6335',1),(543,'童悦书店','书店',3,'兴业路特19号华中图书交易中心C323','江岸区',9,0,0,0,0,0,0,'114.284898','30.6335',1),(544,'拓普书店','书店',3,'兴业路特19号华中图书交易中心B320','江岸区',9,0,0,0,0,0,0,'114.284898','30.6335',1),(545,'旺发文化书刊经营部','书店',3,'兴业路特19号华中图书交易中心B419-兴业路特19号华中图书交易中心B420','江岸区',9,0,0,0,0,0,0,'114.284898','30.6335',1),(546,'伟业书店','书店',3,'兴业路特19号华中图书交易中心A327兴业路特19号华中图书交易中心A328','江岸区',9,0,0,0,0,0,0,'114.284898','30.6335',1),(547,'未来教育书店','书店',3,'兴业路特19号华中图书交易中心D206','江岸区',9,0,0,0,0,0,0,'114.284898','30.6335',1),(548,'文昌书店','书店',3,'兴业路特19号华中图书交易中心A103/105兴业路特19号华中图书交易中心A','江岸区',9,0,0,0,0,0,0,'114.284898','30.6335',1),(549,'文超书店','书店',3,'兴业路特19号华中图书交易中心D223','江岸区',9,0,0,0,0,0,0,'114.284898','30.6335',1),(550,'文华书店','书店',3,'兴业路特19号华中图书交易中心B111','江岸区',9,0,0,0,0,0,0,'114.284898','30.6335',1),(551,'文谨书店','书店',3,'兴业路特19号华中图书交易中心D328','江岸区',9,0,0,0,0,0,0,'114.284898','30.6335',1),(552,'文康书店','书店',3,'兴业路特19号华中图书交易中心D101','江岸区',9,0,0,0,0,0,0,'114.284898','30.6335',1),(553,'五湖书店','书店',3,'兴业路特19号华中图书交易中心D302','江岸区',9,0,0,0,0,0,0,'114.284898','30.6335',1),(554,'武汉博尔乐图书发行有限公司','书店',3,'兴业路特19号华中图书交易中心C306','江岸区',9,0,0,0,0,0,0,'114.284898','30.6335',1),(555,'武汉长江书网电子商务有限公司','书店',3,'兴业路特19号华中图书交易中心A714','江岸区',9,0,0,0,0,0,0,'114.284898','30.6335',1),(556,'武汉诚博希望图书有限公司','书店',3,'兴业路特19号华中图书交易中心A106','江岸区',9,0,0,0,0,0,0,'114.284898','30.6335',1),(557,'武汉诚信万品销售有限公司','书店',3,'兴业路特19号华中图书交易中心C612','江岸区',9,0,0,0,0,0,0,'114.284898','30.6335',1),(558,'武汉东艺书刊有限公司','书店',3,'兴业路特19号华中图书交易中心B216-218','江岸区',9,0,0,0,0,0,0,'114.284898','30.6335',1),(559,'武汉飞翔佳讯文化有限公司','书店',3,'兴业路特19号华中图书交易中心B604','江岸区',9,0,0,0,0,0,0,'114.284898','30.6335',1),(560,'武汉风车商贸有限公司','书店',3,'兴业路特19号华中图书交易中心A411-412','江岸区',9,0,0,0,0,0,0,'114.284898','30.6335',1),(561,'武汉凤之语文化传播有限公司','书店',3,'兴业路特19号华中图书交易中心A705','江岸区',9,0,0,0,0,0,0,'114.284898','30.6335',1),(562,'武汉光华图书有限公司','书店',3,'兴业路特19号华中图书交易中心B221-225','江岸区',9,0,0,0,0,0,0,'114.284898','30.6335',1),(563,'武汉翰牛电子商务有限公司','书店',3,'兴业路特19号华中图书交易中心A412','江岸区',9,0,0,0,0,0,0,'114.284898','30.6335',1),(564,'武汉弘丰轩图书发行有限公司','书店',3,'兴业路特19号华中图书交易中心B318','江岸区',9,0,0,0,0,0,0,'114.284898','30.6335',1),(565,'武汉华意科创文化有限公司','书店',3,'兴业路特19号华中图书交易中心B603','江岸区',9,0,0,0,0,0,0,'114.284898','30.6335',1),(566,'武汉欢豆文化发展有限公司','书店',3,'兴业路特19号华中图书交易中心D402','江岸区',9,0,0,0,0,0,0,'114.284898','30.6335',1),(567,'武汉金士华文图书传媒有限公司','书店',3,'兴业路特19号华中图书交易中心A430','江岸区',9,0,0,0,0,0,0,'114.284898','30.6335',1),(568,'武汉金娃娃文化有限公司','书店',3,'兴业路特19号华中图书交易中心B702','江岸区',9,0,0,0,0,0,0,'114.284898','30.6335',1),(569,'武汉科林文轩文化发展有限公司','书店',3,'兴业路特19号华中图书交易中心D609','江岸区',9,0,0,0,0,0,0,'114.284898','30.6335',1),(570,'武汉联智文化发展有限公司','书店',3,'兴业路特19号华中图书交易中心C605','江岸区',9,0,0,0,0,0,0,'114.284898','30.6335',1),(571,'武汉良师益友文化传播有限公司','书店',3,'兴业路特19号华中图书交易中心A305','江岸区',9,0,0,0,0,0,0,'114.284898','30.6335',1),(572,'武汉山河华伦有限公司','书店',3,'兴业路特19号华中图书交易中心A306','江岸区',9,0,0,0,0,0,0,'114.284898','30.6335',1),(573,'武汉市江岸区爱民文化书社','书店',3,'兴业路特19号华中图书交易中心B603','江岸区',9,0,0,0,0,0,0,'114.284898','30.6335',1),(574,'武汉市江岸区诚实书店','书店',3,'兴业路特19号华中图书交易中心C327','江岸区',9,0,0,0,0,0,0,'114.284898','30.6335',1),(575,'武汉市江岸区光国书店','书店',3,'兴业路特19号华中图书交易中心C209-2','江岸区',9,0,0,0,0,0,0,'114.284898','30.6335',1),(576,'武汉市江岸区广益书店','书店',3,'兴业路特19号华中图书交易中心B331','江岸区',9,0,0,0,0,0,0,'114.284898','30.6335',1),(577,'武汉市江岸区辉晖图书经营部','书店',3,'兴业路特19号华中图书交易中心C321','江岸区',9,0,0,0,0,0,0,'114.284898','30.6335',1),(578,'武汉市江岸区慧源书店','书店',3,'兴业路特19号华中图书交易中心D221','江岸区',9,0,0,0,0,0,0,'','',0),(579,'武汉市江岸区建新书店','书店',3,'兴业路特19号华中图书交易中心D416','江岸区',9,0,0,0,0,0,0,'114.284898','30.6335',1),(580,'武汉市江岸区荆楚书店','书店',3,'兴业路特19号华中图书交易中心D218-1','江岸区',9,0,0,0,0,0,0,'114.284898','30.6335',1),(581,'武汉市江岸区璟轩文化书店','书店',3,'兴业路特19号华中图书交易中心C309-1','江岸区',9,0,0,0,0,0,0,'114.284898','30.6335',1),(582,'武汉市江岸区康华书店','书店',3,'兴业路特19号华中图书交易中心B127-兴业路特19号华中图书交易中心B128','江岸区',9,0,0,0,0,0,0,'114.284898','30.6335',1),(583,'武汉市江岸区快乐成长天地童书店','书店',3,'兴业路特19号华中图书交易中心B708','江岸区',9,0,0,0,0,0,0,'114.284898','30.6335',1),(584,'武汉市江岸区乐淘书店','书店',3,'兴业路特19号华中图书交易中心A318','江岸区',9,0,0,0,0,0,0,'114.284898','30.6335',1),(585,'武汉市江岸区美天书店','书店',3,'兴业路特19号华中图书交易中心C305','江岸区',9,0,0,0,0,0,0,'114.284898','30.6335',1),(586,'武汉市江岸区宁鹏文化发展书店','书店',3,'兴业路特19号华中图书交易中心B202','江岸区',9,0,0,0,0,0,0,'114.284898','30.6335',1),(587,'武汉市江岸区鹏益书店','书店',3,'兴业路特19号华中图书交易中心C212','江岸区',9,0,0,0,0,0,0,'','',0),(588,'武汉市江岸区热点教辅书店','书店',3,'兴业路特19号华中图书交易中心B2-1','江岸区',9,0,0,0,0,0,0,'114.284898','30.6335',1),(589,'武汉市江岸区尚恒书店','书店',3,'兴业路特19号华中图书交易中心A321','江岸区',9,0,0,0,0,0,0,'114.284898','30.6335',1),(590,'武汉市江岸区书中屋经营部','书店',3,'兴业路特19号华中图书交易中心C612','江岸区',9,0,0,0,0,0,0,'114.284898','30.6335',1),(591,'武汉市江岸区思文书社','书店',3,'兴业路特19号华中图书交易中心C502','江岸区',9,0,0,0,0,0,0,'114.284898','30.6335',1),(592,'武汉市江岸区天诚书店','书店',3,'兴业路特19号华中图书交易中心D307','江岸区',9,0,0,0,0,0,0,'114.284898','30.6335',1),(593,'武汉市江岸区天天教育书店','书店',3,'兴业路特19号华中图书交易中心B311','江岸区',9,0,0,0,0,0,0,'114.284898','30.6335',1),(594,'武汉市江岸区添美书店','书店',3,'兴业路特19号华中图书交易中心A316-317','江岸区',9,0,0,0,0,0,0,'114.284898','30.6335',1),(595,'武汉市江岸区童心童语书店','书店',3,'兴业路特19号华中图书交易中心C330','江岸区',9,0,0,0,0,0,0,'114.284898','30.6335',1),(596,'武汉市江岸区丸子兄弟书店','书店',3,'兴业路特19号华中图书交易中心D115','江岸区',9,0,0,0,0,0,0,'114.284898','30.6335',1),(597,'武汉市江岸区文霞书店','书店',3,'兴业路特19号华中图书交易中心A101','江岸区',9,0,0,0,0,0,0,'114.284898','30.6335',1),(598,'武汉市江岸区文苑书店','书店',3,'兴业路特19号华中图书交易中心B328','江岸区',9,0,0,0,0,0,0,'114.284898','30.6335',1),(599,'武汉市江岸区心语书店','书店',3,'兴业路特19号华中图书交易中心D020','江岸区',9,0,0,0,0,0,0,'114.284898','30.6335',1),(600,'武汉市江岸区欣辉书店','书店',3,'兴业路特19号华中图书交易中心B405-406','江岸区',9,0,0,0,0,0,0,'114.284898','30.6335',1),(601,'武汉市江岸区鑫中源文化传播有限公司','书店',3,'兴业路特19号华中图书交易中心C205','江岸区',9,0,0,0,0,0,0,'114.284898','30.6335',1),(602,'武汉市江岸区兴业书店','书店',3,'兴业路特19号华中图书交易中心D217','江岸区',9,0,0,0,0,0,0,'114.284898','30.6335',1),(603,'武汉市江岸区兴源书社','书店',3,'兴业路特19号华中图书交易中心C111','江岸区',9,0,0,0,0,0,0,'114.284898','30.6335',1),(604,'武汉市江岸区扬扬书店','书店',3,'兴业路特19号华中图书交易中心B331','江岸区',9,0,0,0,0,0,0,'114.284898','30.6335',1),(605,'武汉市江岸区意诚书店','书店',3,'兴业路特19号华中图书交易中心A-315','江岸区',9,0,0,0,0,0,0,'114.284898','30.6335',1),(606,'武汉市江岸区语琦书店','书店',3,'兴业路特19号华中图书交易中心C302','江岸区',9,0,0,0,0,0,0,'114.284898','30.6335',1),(607,'武汉市江岸区喆宇文化书店','书店',3,'兴业路特19号华中图书交易中心C308','江岸区',9,0,0,0,0,0,0,'114.284898','30.6335',1),(608,'武汉市江岸区正源教育书店','书店',3,'兴业路特19号华中图书交易中心D205','江岸区',9,0,0,0,0,0,0,'114.284898','30.6335',1),(609,'武汉市江岸区智汇书店','书店',3,'兴业路特19号华中图书交易中心B325','江岸区',9,0,0,0,0,0,0,'114.284898','30.6335',1),(610,'武汉市康华知本文化发展有限公司','书店',3,'兴业路特19号华中图书交易中心B703','江岸区',9,0,0,0,0,0,0,'114.284898','30.6335',1),(611,'武汉市朗美图书有限责任公司','书店',3,'兴业路特19号华中图书交易中心A326','江岸区',9,0,0,0,0,0,0,'114.284898','30.6335',1),(612,'武汉市琉璃文化传播有限公司','书店',3,'兴业路特19号华中图书交易中心D309-2','江岸区',9,0,0,0,0,0,0,'114.284898','30.6335',1),(613,'武汉市天天童心文化发展有限公司','书店',3,'兴业路特19号华中图书交易中心A707','江岸区',9,0,0,0,0,0,0,'114.284898','30.6335',1),(614,'武汉市享阅文化发展有限公司','书店',3,'兴业路特19号华中图书交易中心C305','江岸区',9,0,0,0,0,0,0,'114.284898','30.6335',1),(615,'武汉市新空气文化发展有限责任公司','书店',3,'兴业路特19号华中图书交易中心C310','江岸区',9,0,0,0,0,0,0,'114.284898','30.6335',1),(616,'武汉市雨田盛世文化传播有限公司','书店',3,'兴业路特19号华中图书交易中心C325','江岸区',9,0,0,0,0,0,0,'114.284898','30.6335',1),(617,'武汉市正极图书音像销售有限公司','书店',3,'兴业路特19号华中图书交易中心D616','江岸区',9,0,0,0,0,0,0,'','',0),(618,'武汉市卓知文化发展有限公司','书店',3,'兴业路特19号华中图书交易中心C503','江岸区',9,0,0,0,0,0,0,'114.284898','30.6335',1),(619,'武汉书虫天下文化传播有限公司','书店',3,'兴业路特19号华中图书交易中心C513','江岸区',9,0,0,0,0,0,0,'114.284898','30.6335',1),(620,'武汉维希文化有限公司','书店',3,'兴业路特19号华中图书交易中心B601','江岸区',9,0,0,0,0,0,0,'114.284898','30.6335',1),(621,'武汉熙丽百川发展有限公司','书店',3,'兴业路特19号华中图书交易中心C210','江岸区',9,0,0,0,0,0,0,'114.284898','30.6335',1),(622,'武汉新红色图书文化有限公司','书店',3,'兴业路特19号华中图书交易中心B119','江岸区',9,0,0,0,0,0,0,'114.284898','30.6335',1),(623,'武汉芸芳文化发展有限公司','书店',3,'兴业路特19号华中图书交易中心B614','江岸区',9,0,0,0,0,0,0,'114.284898','30.6335',1),(624,'武汉中南清新文化发展有限公司','书店',3,'兴业路特19号华中图书交易中心B604','江岸区',9,0,0,0,0,0,0,'114.284898','30.6335',1),(625,'武汉谆文图书发展有限公司','书店',3,'兴业路特19号华中图书交易中心A8','江岸区',9,0,0,0,0,0,0,'114.284898','30.6335',1),(626,'希望之光书店','书店',3,'兴业路特19号华中图书交易中心B218','江岸区',9,0,0,0,0,0,0,'114.284898','30.6335',1),(627,'先进文化书社','书店',3,'兴业路特19号华中图书交易中心D309-1','江岸区',9,0,0,0,0,0,0,'114.284898','30.6335',1),(628,'鲜橙图书','书店',3,'兴业路特19号华中图书交易中心A613','江岸区',9,0,0,0,0,0,0,'114.284898','30.6335',1),(629,'小博士书店','书店',3,'兴业路特19号华中图书交易中心D225','江岸区',9,0,0,0,0,0,0,'114.284898','30.6335',1),(630,'晓畅成人教育书店','书店',3,'兴业路特19号华中图书交易中心B108','江岸区',9,0,0,0,0,0,0,'114.284898','30.6335',1),(631,'筱月书店','书店',3,'兴业路特19号华中图书交易中心B117兴业路特19号华中图书交易中心B118','江岸区',9,0,0,0,0,0,0,'114.284898','30.6335',1),(632,'协泰书店','书店',3,'兴业路特19号华中图书交易中心D318','江岸区',9,0,0,0,0,0,0,'114.284898','30.6335',1),(633,'心语书店','书店',3,'兴业路特19号华中图书交易中心D105','江岸区',9,0,0,0,0,0,0,'114.284898','30.6335',1),(634,'心韵书店','书店',3,'兴业路特19号华中图书交易中心B210','江岸区',9,0,0,0,0,0,0,'114.284898','30.6335',1),(635,'欣欣图书店','书店',3,'兴业路特19号华中图书交易中心C315','江岸区',9,0,0,0,0,0,0,'114.284898','30.6335',1),(636,'新鹏书店','书店',3,'兴业路特19号华中图书交易中心B319','江岸区',9,0,0,0,0,0,0,'114.284898','30.6335',1),(637,'新起点书店','书店',3,'兴业路特19号华中图书交易中心C318','江岸区',9,0,0,0,0,0,0,'114.284898','30.6335',1),(638,'新月书店','书店',3,'兴业路特19号华中图书交易中心D321','江岸区',9,0,0,0,0,0,0,'114.284898','30.6335',1),(639,'新作家书店','书店',3,'兴业路特19号华中图书交易中心D316','江岸区',9,0,0,0,0,0,0,'114.284898','30.6335',1),(640,'鑫大地书店','书店',3,'兴业路特19号华中图书交易中心B2-2','江岸区',9,0,0,0,0,0,0,'114.284898','30.6335',1),(641,'兴旺书店','书店',3,'兴业路特19号华中图书交易中心B310','江岸区',9,0,0,0,0,0,0,'114.284898','30.6335',1),(642,'幸福阳光书店','书店',3,'兴业路特19号华中图书交易中心C120','江岸区',9,0,0,0,0,0,0,'','',0),(643,'雄伟书刊经营部','书店',3,'兴业路特19号华中图书交易中心C105','江岸区',9,0,0,0,0,0,0,'','',0),(644,'学苑书店','书店',3,'兴业路特19号华中图书交易中心C118兴业路特19号华中图书交易中心C119','江岸区',9,0,0,0,0,0,0,'114.284898','30.6335',1),(645,'雅文书店','书店',3,'兴业路特19号华中图书交易中心C128','江岸区',9,0,0,0,0,0,0,'114.284898','30.6335',1),(646,'洋溢文化传播有限公司','书店',3,'兴业路特19号华中图书交易中心D612','江岸区',9,0,0,0,0,0,0,'114.284898','30.6335',1),(647,'怡心书店','书店',3,'兴业路特19号华中图书交易中心B121兴业路特19号华中图书交易中心B129','江岸区',9,0,0,0,0,0,0,'114.284898','30.6335',1),(648,'英奇文化教育图书社','书店',3,'兴业路特19号华中图书交易中心A110/兴业路特19号华中图书交易中心A111','江岸区',9,0,0,0,0,0,0,'114.284898','30.6335',1),(649,'婴童书店','书店',3,'兴业路特19号华中图书交易中心C309-1兴业路特19号华中图书交易中心C310','江岸区',9,0,0,0,0,0,0,'114.284898','30.6335',1),(650,'元源文化图书店','书店',3,'兴业路特19号华中图书交易中心B201兴业路特19号华中图书交易中心B202','江岸区',9,0,0,0,0,0,0,'114.284898','30.6335',1),(651,'云帆书店','书店',3,'兴业路特19号华中图书交易中心D215','江岸区',9,0,0,0,0,0,0,'114.284898','30.6335',1),(652,'正大书店','书店',3,'兴业路特19号华中图书交易中心D208','江岸区',9,0,0,0,0,0,0,'114.284898','30.6335',1),(653,'中楚书店','书店',3,'兴业路特19号华中图书交易中心C211','江岸区',9,0,0,0,0,0,0,'114.284898','30.6335',1),(654,'中京书店','书店',3,'兴业路特19号华中图书交易中心C312','江岸区',9,0,0,0,0,0,0,'114.284898','30.6335',1),(655,'中胜书刊经营部','书店',3,'兴业路特19号华中图书交易中心C303','江岸区',9,0,0,0,0,0,0,'114.284898','30.6335',1),(656,'中天书店','书店',3,'兴业路特19号华中图书交易中心B122-兴业路特19号华中图书交易中心B123','江岸区',9,0,0,0,0,0,0,'114.284898','30.6335',1),(657,'忠艺书店','书店',3,'兴业路特19号华中图书交易中心D216','江岸区',9,0,0,0,0,0,0,'114.284898','30.6335',1),(658,'卓越书店','书店',3,'兴业路特19号华中图书交易中心B318','江岸区',9,0,0,0,0,0,0,'114.284898','30.6335',1),(659,'武汉兰婷芳草文化发展有限公司','书店',3,'兴业路特19号华中图书交易中心B606','江岸区',9,0,0,0,0,0,0,'114.284898','30.6335',1),(660,'武汉市江岸区高阳书店','书店',3,'兴业路特19号华中图书交易中心D303','江岸区',9,0,0,0,0,0,0,'114.284898','30.6335',1),(661,'武汉三辰文化发展有限责任公司','书店',3,'兴业路特19号华中图书交易中心A702-1','江岸区',9,0,0,0,0,0,0,'114.284898','30.6335',1),(662,'武汉市萌芽文化发展有限公司','书店',3,'兴业路特19号华中图书交易中心B717','江岸区',9,0,0,0,0,0,0,'114.284898','30.6335',1),(663,'武汉市江岸区优童书店','书店',3,'兴业路特19号华中图书交易中心B308','江岸区',9,0,0,0,0,0,0,'114.284898','30.6335',1),(664,'武汉市江岸区楚之韵书社','书店',3,'兴业路特19号华中图书交易中心D120-128','江岸区',9,0,0,0,0,0,0,'114.284898','30.6335',1),(665,'武汉市江岸区韬博教育书店','书店',3,'兴业路特19号华中图书交易中心A618','江岸区',9,0,0,0,0,0,0,'114.284898','30.6335',1),(666,'武汉优图瑞泰传播有限公司','书店',3,'兴业路特19号华中图书交易中心C602','江岸区',9,0,0,0,0,0,0,'114.284898','30.6335',1),(667,'武汉亚丹传媒有限公司','书店',3,'兴业路特19号华中图书交易中心A702-1','江岸区',9,0,0,0,0,0,0,'114.284898','30.6335',1),(668,'武汉飞库文化传播有限公司','书店',3,'兴业路特19号华中图书交易中心A332','江岸区',9,0,0,0,0,0,0,'114.284898','30.6335',1),(669,'武汉市江岸区长信文化用品经营部','书店',3,'兴业路特19号华中图书交易中心B421-422','江岸区',9,0,0,0,0,0,0,'114.284898','30.6335',1),(670,'武汉楚韵博文文化有限公司','书店',3,'兴业路特19号华中图书交易中心D212','江岸区',9,0,0,0,0,0,0,'114.284898','30.6335',1),(671,'武汉市江岸区世纪孔明书店','书店',3,'兴业路特19号华中图书交易中心B2-1','江岸区',9,0,0,0,0,0,0,'114.284898','30.6335',1),(672,'武汉市江岸区正弘图书销售中心','书店',3,'兴业路特19号华中图书交易中心B106','江岸区',9,0,0,0,0,0,0,'114.284898','30.6335',1),(673,'武汉市洪山区伟伟书店','书店',3,'东湖高新区华科大西区西学超市对面','东湖新技术开发区',1,0,0,300,0,0,0,'114.41374','30.520566',1),(674,'素培文化书店','书店',3,'开发区薛峰社区','武汉经济技术开发区（汉南区）',6,0,0,0,0,0,0,'','',0),(675,'华中希望书社','书店',3,'汉南区汉南大道白马服饰对面','武汉经济技术开发区（汉南区）',6,0,0,0,0,0,0,'114.093162','30.321277',1),(676,'中百超市店','书店',3,'汉南区中百超市','武汉经济技术开发区（汉南区）',6,0,0,0,0,0,0,'113.784902','30.319941',1),(677,'雨天书店','书店',3,'开发区初级中学旁','武汉经济技术开发区（汉南区）',6,0,0,0,0,0,0,'','',0),(678,'武商量贩店','书店',3,'汉南区武商量贩','武汉经济技术开发区（汉南区）',6,0,0,0,0,0,0,'114.089881','30.31533',1),(679,'理想书店','书店',3,'育才路育才小学旁','武汉经济技术开发区（汉南区）',6,0,0,0,0,0,0,'114.083289','30.315329',1),(680,'沃尔玛书店','书店',3,'东风大道沃尔玛','武汉经济技术开发区（汉南区）',6,0,0,0,0,0,0,'','',0),(681,'孩子王书店','书店',3,'东风大道万达广场','武汉经济技术开发区（汉南区）',6,0,0,0,0,0,0,'114.181467','30.512935',1),(682,'永旺书店','书店',3,'江城大道永旺梦乐城','武汉经济技术开发区（汉南区）',6,0,0,0,0,0,0,'114.219077','30.515701',1),(683,'半边书店','书店',3,'沌口街','武汉经济技术开发区（汉南区）',6,0,0,0,0,0,0,'114.165295','30.498888',1),(684,'丹萍书店','书店',3,'沌阳街','武汉经济技术开发区（汉南区）',6,0,0,0,0,0,0,'','',0),(685,'汉萍书店','书店',3,'沌口街','武汉经济技术开发区（汉南区）',6,0,0,0,0,0,0,'114.165295','30.498888',1),(686,'博大图书店','书店',3,'红钢城二街1号','青山区',14,0,0,0,0,0,0,'114.397603','30.644824',1),(687,'博思书社','书店',3,'建设九路1号','青山区',14,0,0,0,0,0,0,'114.411599','30.650821',1),(688,'博智进梅书店','书店',3,'武汉科技大学院内','青山区',14,0,0,0,0,0,0,'114.377835','30.630514',1),(689,'钢花小小书图书店','书店',3,'钢花新村120街实业公司楼下','青山区',14,0,0,0,0,0,0,'114.384505','30.625765',1),(690,'港星教育书店','书店',3,'104街新安小区1——60号','青山区',14,0,0,0,0,0,0,'114.407349','30.630768',1),(691,'湖北孩子王儿童用品公司奥山世纪店','书店',3,'和平大道路809号奥山世纪广场2层','青山区',14,0,0,0,0,0,0,'114.367063','30.622777',1),(692,'教育书店','书店',3,'111街门头','青山区',14,0,0,0,0,0,0,'114.331755','30.543446',1),(693,'晶晶音像','书店',3,'万象商场左侧','青山区',14,0,0,0,0,0,0,'','',0),(694,'科大学生书','书店',3,'武汉科技大学人和以寓50号','青山区',14,0,0,0,0,0,0,'114.377835','30.630514',1),(695,'兰亭雅居晨光文具经营部','书店',3,'兰亭雅居31号商铺','青山区',14,0,0,0,0,0,0,'114.384936','30.630296',1),(696,'乐学书屋','书店',3,'青山镇长青路236号','青山区',14,0,0,0,0,0,0,'114.437202','30.661409',1),(697,'绿宝食品商店','书店',3,'冶金工业四四季21号','青山区',14,0,0,0,0,0,0,'114.408184','30.632942',1),(698,'明之海电脑耗材经营部','书店',3,'武东一村','青山区',14,0,0,0,0,0,0,'114.274736','30.596429',1),(699,'墨香书店','书店',3,'新沟桥24街坊176门4号','青山区',14,0,0,0,0,0,0,'114.40454','30.641035',1),(700,'品雅致和书店','书店',3,'新沟桥26——28门（6）','青山区',14,0,0,0,0,0,0,'114.404745','30.639302',1),(701,'勤文书店','书店',3,'新沟桥车站街4号','青山区',14,0,0,0,0,0,0,'114.404745','30.639302',1),(702,'青青特价书屋','书店',3,'120街2门2号','青山区',14,0,0,0,0,0,0,'114.384676','30.62442',1),(703,'青山新华书店','书店',3,'武汉市青山区和平大道1534号','青山区',14,0,0,31000,0,0,0,'114.406704','30.644021',1),(704,'群英乔书店','书店',3,'17街114门1号','青山区',14,0,0,0,0,0,0,'114.28238','30.248687',1),(705,'荣辉书店','书店',3,'冶金街工业三路','青山区',14,0,0,0,0,0,0,'114.40842','30.633341',1),(706,'瑞红书店','书店',3,'建设九路8附12号','青山区',14,0,0,0,0,0,0,'114.412413','30.649081',1),(707,'三维书店','书店',3,'新沟桥24街','青山区',14,0,0,0,0,0,0,'114.404745','30.639302',1),(708,'尚泽文化传播音像店','书店',3,'红钢城9街20门2号','青山区',14,0,0,0,0,0,0,'114.407297','30.643644',1),(709,'维雅书店','书店',3,'青合仕家1—3—101','青山区',14,0,0,0,0,0,0,'114.370645','30.62647',1),(710,'文景书舍','书店',3,'石化村149门1号','青山区',14,0,0,0,0,0,0,'','',0),(711,'文思休闲书报屋','书店',3,'建六路5—1附1号','青山区',14,0,0,0,0,0,0,'','',0),(712,'沃尔玛（湖北）商业零售有限公司和平大道分店','书店',3,'和平大道809号地下一层','青山区',14,0,0,0,0,0,0,'114.368723','30.622694',1),(713,'梧桐树文化用品经营吕心','书店',3,'钢花110街32门1号','青山区',14,0,0,0,0,0,0,'114.400896','30.629408',1),(714,'武汉博文昌传媒有限公司','书店',3,'123街55门24号','青山区',14,0,0,0,0,0,0,'114.3162','30.581084',1),(715,'武汉港星图书有限公司','书店',3,'和平大道961——2号','青山区',14,0,0,3000,0,0,0,'114.384492','30.632401',1),(716,'武汉启程教辅用品有限公司','书店',3,'121街105门2号','青山区',14,0,0,0,0,0,0,'114.382705','30.62428',1),(717,'武汉市夺一百科技有限责任公司','书店',3,'吉林街13——32号','青山区',14,0,0,0,0,0,0,'114.385348','30.630183',1),(718,'武汉市钢城育才工贸中心汉星书刊发行社','书店',3,'红钢三街21号','青山区',14,0,0,0,0,0,0,'114.406572','30.646822',1),(719,'武汉市红钢城邮政支局','书店',3,'和平大道1540号','青山区',14,0,0,0,0,0,0,'114.407999','30.644671',1),(720,'武汉市新华书股份有限公司青山书店','书店',3,'和平大道1534号','青山区',14,0,0,0,0,0,0,'114.406704','30.644021',1),(721,'武汉中百连锁仓储超市有限公司钢都花园购物广场','书店',3,'钢都花园A3区','青山区',14,0,0,0,0,0,0,'114.374746','30.619747',1),(722,'武汉中百连锁仓储超市有限公司沿港路购物广场','书店',3,'沿港路5号','青山区',14,0,0,0,0,0,0,'114.410208','30.64351',1),(723,'武汉中商平价超市连锁有限责任公司钢花店','书店',3,'钢花新村118街许1号','青山区',14,0,0,0,0,0,0,'114.384505','30.625765',1),(724,'武警战士和致诚科持发展有限公司','书店',3,'118街83门3号','青山区',14,0,0,0,0,0,0,'114.389087','30.627003',1),(725,'祥和家电经营部','书店',3,'白玉山三街','青山区',14,0,0,0,0,0,0,'114.274736','30.596429',1),(726,'欣欣致和书店','书店',3,'红卫路吉林街7号兰亭雅居','青山区',14,0,0,0,0,0,0,'114.384936','30.630296',1),(727,'新叶图书店','书店',3,'红钢城二街99门13号','青山区',14,0,0,0,0,0,0,'114.400364','30.646109',1),(728,'鑫港星教育书店','书店',3,'白玉山1街60门','青山区',14,0,0,0,0,0,0,'114.49085','30.612667',1),(729,'兴才电脑耗材商店','书店',3,'104街78门6号','青山区',14,0,0,0,0,0,0,'114.406889','30.641365',1),(730,'休闲文化社','书店',3,'武东二村16栋60门2号','青山区',14,0,0,0,0,0,0,'114.431221','30.643903',1),(731,'雅云书屋','书店',3,'新沟桥25街坊','青山区',14,0,0,0,0,0,0,'114.404745','30.639302',1),(732,'英兰文具店','书店',3,'24街33门附2号','青山区',14,0,0,0,0,0,0,'','',0),(733,'余学友报亭','书店',3,'临江港湾15栋旁','青山区',14,0,0,0,0,0,0,'114.419628','30.656429',1),(734,'赵慧玲书刊站','书店',3,'58街1门1号','青山区',14,0,0,0,0,0,0,'','',0),(735,'振宇书店','书店',3,'新武东小区37号门面','青山区',14,0,0,0,0,0,0,'114.450004','30.586886',1),(736,'致和港星书店','书店',3,'钢花119街69门2号','青山区',14,0,0,0,0,0,0,'114.386413','30.633588',1),(737,'光谷社区图书室','书屋',2,'关东街光谷社区','东湖新技术开发区',1,100,200,0,0,0,0,'114.407793','30.514113',1),(738,'团结社区','书屋',2,'团结社区','武昌区',5,0,0,0,0,0,0,'114.270042','30.551135',1),(739,'朝阳村农家书屋','书屋',2,'左岭街朝阳村','东湖新技术开发区',1,20,20,0,0,0,0,'114.59887','30.468313',1),(740,'葛化社区图书室','书屋',2,'左岭街葛化社区','东湖新技术开发区',1,20,20,0,0,0,0,'114.61308','30.537811',1),(741,'保利华都社区图书室','书屋',2,'关东街保利华都社区','东湖新技术开发区',1,100,200,0,0,0,0,'114.391277','30.511378',1),(742,'当代社区图书室','书屋',2,'关东街当代社区','东湖新技术开发区',1,100,200,0,0,0,0,'116.32747','39.975933',1),(743,'关山社区图书室','书屋',2,'关东街关山社区','东湖新技术开发区',1,100,200,0,0,0,0,'114.41523','30.501681',1),(744,'江南社区图书室','书屋',2,'关东街江南社区','东湖新技术开发区',1,100,200,0,0,0,0,'114.35103','30.662609',1),(745,'金地社区图书室','书屋',2,'关东街金地社区','东湖新技术开发区',1,100,200,0,0,0,0,'','',0),(746,'龙城社区图书室','书屋',2,'关东街龙城社区','东湖新技术开发区',1,100,200,0,0,0,0,'','',0),(747,'德欣里社区图书室','书屋',2,'九峰街德欣里社区','东湖新技术开发区',1,170,270,0,0,0,0,'114.307784','30.608268',1),(748,'关东社区图书室','书屋',2,'关东街关东社区','东湖新技术开发区',1,180,280,0,0,0,0,'','',0),(749,'关南社区图书室','书屋',2,'关东街关南社区','东湖新技术开发区',1,180,280,0,0,0,0,'114.440645','30.487798',1),(750,'荷叶山社区图书室','书屋',2,'关东街荷叶山社区','东湖新技术开发区',1,180,280,0,0,0,0,'114.460266','30.507379',1),(751,'左岭社区图书室','书屋',2,'左岭街左岭社区','东湖新技术开发区',1,30,30,0,0,0,0,'114.615082','30.534956',1),(752,'联合村农家书屋','书屋',2,'花山街联合村','东湖新技术开发区',1,200,300,0,0,0,0,'114.295827','30.598602',1),(753,'花山村农家书屋','书屋',2,'花山街花山村','东湖新技术开发区',1,280,380,0,0,0,0,'114.521055','30.552667',1),(754,'清江社区图书室','书屋',2,'关东街清江社区','东湖新技术开发区',1,100,200,0,0,0,0,'114.349675','30.548311',1),(755,'清水源社区图书室','书屋',2,'关东街清水源社区','东湖新技术开发区',1,100,200,0,0,0,0,'114.389241','30.481565',1),(756,'湾郡社区图书室','书屋',2,'关东街湾郡社区','东湖新技术开发区',1,100,200,0,0,0,0,'114.381376','30.458988',1),(757,'万科社区图书室','书屋',2,'关东街万科社区','东湖新技术开发区',1,100,200,0,0,0,0,'','',0),(758,'新世界社区图书室','书屋',2,'关东街新世界社区','东湖新技术开发区',1,100,200,0,0,0,0,'114.273008','30.584563',1),(759,'玉龙岛社区图书室','书屋',2,'关东街玉龙岛社区','东湖新技术开发区',1,100,200,0,0,0,0,'114.385619','30.4473',1),(760,'湖口社区图书室','书屋',2,'佛祖岭街湖口社区','东湖新技术开发区',1,450,550,0,0,0,0,'114.449673','30.491593',1),(761,'春和村农家书屋','书屋',2,'花山街春和村','东湖新技术开发区',1,700,800,0,0,0,0,'114.510337','30.561084',1),(762,'橘园社区图书室','书屋',2,'花山街橘园社区','东湖新技术开发区',1,705,805,0,0,0,0,'','',0),(763,'长城社区图书室','书屋',2,'关东街长城社区','东湖新技术开发区',1,100,200,0,0,0,0,'','',0),(764,'长山社区图书室','书屋',2,'关东街长山社区','东湖新技术开发区',1,100,200,0,0,0,0,'','',0),(765,'兰园社区图书室','书屋',2,'花山街兰园社区','东湖新技术开发区',1,865,965,0,0,0,0,'','',0),(766,'谷尚居社区阅览室','书屋',2,'佛祖岭街谷尚居社区','东湖新技术开发区',1,900,1000,0,0,0,0,'114.44015','30.455595',1),(767,'何刘村农家书屋','书屋',2,'九峰街何刘村','东湖新技术开发区',1,900,1000,0,0,0,0,'114.494219','30.533681',1),(768,'黄陂岭村农家书屋','书屋',2,'左岭街黄陂岭村','东湖新技术开发区',1,900,1000,0,0,0,0,'114.636799','30.493637',1),(769,'南湖社区图书室','书屋',2,'关东街南湖社区','东湖新技术开发区',1,180,280,0,0,0,0,'114.380586','30.469248',1),(770,'曙光社区图书室','书屋',2,'关东街曙光社区','东湖新技术开发区',1,180,280,0,0,0,0,'','',0),(771,'佛祖岭A社区阅览室','书屋',2,'佛祖岭街佛祖岭A社区','东湖新技术开发区',1,1000,1100,0,0,0,0,'114.450992','30.449209',1),(772,'汤逊湖社区图书室','书屋',2,'关东街汤逊湖社区','东湖新技术开发区',1,180,280,0,0,0,0,'114.406398','30.465366',1),(773,'白浒社区图书室','书屋',2,'左岭街白浒社区','东湖新技术开发区',1,1100,1200,0,0,0,0,'114.615082','30.534956',1),(774,'白羊山村农家书屋','书屋',2,'花山街白羊山村','东湖新技术开发区',1,1100,1200,0,0,0,0,'114.532408','30.556074',1),(775,'红光村农家书屋','书屋',2,'花山街红光村','东湖新技术开发区',1,1100,1200,0,0,0,0,'114.242104','30.558075',1),(776,'红军村农家书屋','书屋',2,'花山街红军村','东湖新技术开发区',1,1100,1200,0,0,0,0,'114.351294','30.557918',1),(777,'红焰村农家书屋','书屋',2,'花山街红焰村','东湖新技术开发区',1,1100,1200,0,0,0,0,'','',0),(778,'竹园社区图书室','书屋',2,'花山街竹园社区','东湖新技术开发区',1,400,500,0,0,0,0,'','',0),(779,'清丰村农家书屋','书屋',2,'花山街清丰村','东湖新技术开发区',1,790,890,0,0,0,0,'114.59677','30.556088',1),(780,'沿江村农家书屋','书屋',2,'花山街沿江村','东湖新技术开发区',1,858,958,0,0,0,0,'114.154175','30.334839',1),(781,'左岭新城一社区图书室','书屋',2,'左岭新城一社区','东湖新技术开发区',1,900,1000,0,0,0,0,'114.615082','30.534956',1),(782,'程墩村农家书屋','书屋',2,'左岭街程墩村','东湖新技术开发区',1,1400,1500,0,0,0,0,'114.615082','30.534956',1),(783,'花园村农家书屋','书屋',2,'左岭街花园村','东湖新技术开发区',1,1400,1500,0,0,0,0,'','',0),(784,'甲铺岭村农家书屋','书屋',2,'左岭街甲铺岭村','东湖新技术开发区',1,1400,1500,0,0,0,0,'114.617438','30.503532',1),(785,'快岭村农家书屋','书屋',2,'左岭街快岭村','东湖新技术开发区',1,1400,1500,0,0,0,0,'114.394487','30.951502',1),(786,'山湖村农家书屋','书屋',2,'花山街山湖村','东湖新技术开发区',1,983,1083,0,0,0,0,'114.556279','30.557557',1),(787,'土桥村农家书屋','书屋',2,'花山街土桥村','东湖新技术开发区',1,1100,1200,0,0,0,0,'114.518664','30.530635',1),(788,'左岭村农家书屋','书屋',2,'左岭街左岭村','东湖新技术开发区',1,1100,1200,0,0,0,0,'114.615082','30.534956',1),(789,'梅园社区图书室','书屋',2,'花山街梅园社区','东湖新技术开发区',1,1148,1248,0,0,0,0,'','',0),(790,'祥龙社区图书室','书屋',2,'左岭街祥龙社区','东湖新技术开发区',1,1200,1300,0,0,0,0,'114.615082','30.534956',1),(791,'何头咀村农家书屋','书屋',2,'滨湖街何头咀村','东湖新技术开发区',1,1408,1508,0,0,0,0,'','',0),(792,'方咀村农家书屋','书屋',2,'滨湖街方咀村','东湖新技术开发区',1,1418,1518,0,0,0,0,'114.476999','30.365472',1),(793,'东港村农家书屋','书屋',2,'花山街东港村','东湖新技术开发区',1,1480,1580,0,0,0,0,'114.32006','30.452924',1),(794,'泉井村农家书屋','书屋',2,'左岭街泉井村','东湖新技术开发区',1,1400,1500,0,0,0,0,'114.616557','30.492498',1),(795,'卸甲村农家书屋','书屋',2,'左岭街卸甲村','东湖新技术开发区',1,1400,1500,70000,0,0,0,'114.615082','30.534956',1),(796,'大罗村农家书屋','书屋',2,'左岭街大罗村','东湖新技术开发区',1,1500,1600,0,0,0,0,'114.615082','30.534956',1),(797,'虎山村农家书屋','书屋',2,'豹澥街虎山村','东湖新技术开发区',1,1500,1600,0,0,0,0,'114.556462','30.465142',1),(798,'新跃村农家书屋','书屋',2,'九峰街新跃村','东湖新技术开发区',1,1400,1500,0,0,0,0,'114.483136','30.528132',1),(799,'园林村农家书屋','书屋',2,'左岭街园林村','东湖新技术开发区',1,1400,1500,0,0,0,0,'114.284898','30.6335',1),(800,'大屋陈村农家书屋','书屋',2,'滨湖街大屋陈村','东湖新技术开发区',1,1502,1602,0,0,0,0,'114.435068','30.026365',1),(801,'周庄村农家书屋','书屋',2,'左岭街周庄村','东湖新技术开发区',1,1400,1500,0,0,0,0,'114.609076','30.482979',1),(802,'豹山村农家书屋','书屋',2,'豹澥街豹山村','东湖新技术开发区',1,1550,1650,0,0,0,0,'114.556462','30.465142',1),(803,'青山村农家书屋','书屋',2,'滨湖街青山村','东湖新技术开发区',1,1487,1587,0,0,0,0,'114.389553','30.169046',1),(804,'罗立村农家书屋','书屋',2,'滨湖街罗立村','东湖新技术开发区',1,1582,1682,0,0,0,0,'114.515739','30.303014',1),(805,'星火村农家书屋','书屋',2,'滨湖街星火村','东湖新技术开发区',1,1487,1587,0,0,0,0,'114.223001','30.904355',1),(806,'白湖村农家书屋','书屋',2,'滨湖街白湖村','东湖新技术开发区',1,1650,1750,0,0,0,0,'114.524755','30.309166',1),(807,'彭李村农家书屋','书屋',2,'左岭街彭李村','东湖新技术开发区',1,1500,1600,0,0,0,0,'114.615082','30.534956',1),(808,'福利村农家书屋','书屋',2,'龙泉街福利村','东湖新技术开发区',1,1700,1800,0,0,0,0,'114.532607','30.39605',1),(809,'高峰村农家书屋','书屋',2,'龙泉街高峰村','东湖新技术开发区',1,1700,1800,0,0,0,0,'114.574373','30.35834',1),(810,'何桥村农家书屋','书屋',2,'龙泉街何桥村','东湖新技术开发区',1,1700,1800,0,0,0,0,'114.518191','30.193058',1),(811,'红旗村农家书屋','书屋',2,'龙泉街红旗村','东湖新技术开发区',1,1700,1800,0,0,0,0,'114.483349','30.381933',1),(812,'江王村农家书屋','书屋',2,'龙泉街江王村','东湖新技术开发区',1,1700,1800,0,0,0,0,'114.518689','30.400456',1),(813,'上街村农家书屋','书屋',2,'左岭街上街村','东湖新技术开发区',1,1500,1600,500,0,0,0,'114.615082','30.534956',1),(814,'吴泗村农家书屋','书屋',2,'滨湖街吴泗村','东湖新技术开发区',1,1517,1617,0,0,0,0,'114.46618','30.370819',1),(815,'檀山岭村农家书屋','书屋',2,'滨湖街檀山岭村','东湖新技术开发区',1,1567,1667,0,0,0,0,'','',0),(816,'牛山村农家书屋','书屋',2,'滨湖街牛山村','东湖新技术开发区',1,1610,1710,0,0,0,0,'114.52902','30.31136',1),(817,'蔡王村农家书屋','书屋',2,'滨湖街蔡王村','东湖新技术开发区',1,1797,1897,0,0,0,0,'114.456827','30.392231',1),(818,'联益村农家书屋','书屋',2,'滨湖街联益村','东湖新技术开发区',1,1883,1983,0,0,0,0,'114.468434','30.308641',1),(819,'金王村农家书屋','书屋',2,'左岭街金王村','东湖新技术开发区',1,1900,2000,120,0,0,0,'114.615082','30.534956',1),(820,'张湾村农家书屋','书屋',2,'滨湖街张湾村','东湖新技术开发区',1,1694,1794,0,0,0,0,'114.155574','30.521812',1),(821,'王店村农家书屋','书屋',2,'龙泉街王店村农','东湖新技术开发区',1,1700,1800,0,0,0,0,'114.494898','30.377043',1),(822,'魏集村农家书屋','书屋',2,'龙泉街魏集村','东湖新技术开发区',1,1700,1800,0,0,0,0,'114.518368','30.400602',1),(823,'新胡村农家书屋','书屋',2,'龙泉街新胡村','东湖新技术开发区',1,1700,1800,0,0,0,0,'114.565616','30.384618',1),(824,'玉屏村农家书屋','书屋',2,'龙泉街玉屏村','东湖新技术开发区',1,1700,1800,0,0,0,0,'114.549099','30.392524',1),(825,'滨湖社区图书室','书屋',2,'滨湖街滨湖社区','东湖新技术开发区',1,1968,2068,0,0,0,0,'114.153199','30.491059',1),(826,'二龙村农家书屋','书屋',2,'龙泉街二龙村','东湖新技术开发区',1,2100,2200,0,0,0,0,'114.494705','30.404196',1),(827,'吕墩村农家书屋','书屋',2,'左岭街吕墩村','东湖新技术开发区',1,2200,2300,0,0,0,0,'114.615082','30.534956',1),(828,'神墩桥社区图书室','书屋',2,'豹澥街神墩桥社区','东湖新技术开发区',1,1900,2000,0,0,0,0,'114.556462','30.465142',1),(829,'龙泉社区农家书屋','书屋',2,'龙泉街龙泉社区','东湖新技术开发区',1,2900,3000,0,0,0,0,'','',0),(830,'升华村农家书屋','书屋',2,'龙泉街升华村','东湖新技术开发区',1,1900,2000,0,0,0,0,'114.591348','30.344498',1),(831,'景源里社区图书','书屋',2,'九峰街景源里社区','东湖新技术开发区',1,3365,3465,0,0,0,0,'','',0),(832,'白浒村农家书屋','书屋',2,'花山街白浒村','东湖新技术开发区',1,3500,3600,120,0,0,0,'114.602274','30.552784',1),(833,'覃庙村农家书屋','书屋',2,'龙泉街覃庙村','东湖新技术开发区',1,1900,2000,0,0,0,0,'114.543909','30.391235',1),(834,'佛祖岭B社区图书室','书屋',2,'佛祖岭街佛祖岭B社区','东湖新技术开发区',1,9900,10000,0,0,0,0,'114.450992','30.449209',1),(835,'王店社区图书室','书屋',2,'九峰街王店社区','东湖新技术开发区',1,1900,2000,0,0,0,0,'114.494694','30.372974',1),(836,'营泉村农家书屋','书屋',2,'龙泉街营泉村','东湖新技术开发区',1,1900,2000,0,0,0,0,'114.520644','30.4103',1),(837,'凤凰社区阅览室(富士康内部所有)','书屋',2,'佛祖岭街凤凰社区(富士康内部所有)','东湖新技术开发区',1,19900,20000,0,0,0,0,'114.315977','30.560214',1),(838,'综合文化站图书室','书屋',2,'花山街综合文化站','东湖新技术开发区',1,2900,3000,0,0,0,0,'','',0),(839,'左岭新城二社区图书室（文化站图书室）','书屋',2,'左岭新城二社区','东湖新技术开发区',1,10700,10800,0,0,0,0,'114.615082','30.534956',1),(840,'如果咖啡屋','书屋',2,'蔡甸区文兴路100号附6号','蔡甸区',13,10,10,0,0,0,0,'114.02726','30.583153',1),(841,'静心茗苑茶楼','书屋',2,'蔡甸金家尚品11-5号','蔡甸区',13,8,7,0,0,0,0,'114.044699','30.576143',1),(842,'建桥社区','书屋',2,'建桥社区','武昌区',5,0,0,0,0,0,0,'114.279538','30.552804',1),(843,'白云社区','书屋',2,'白云社区','武昌区',5,0,0,0,0,0,0,'114.288991','30.345406',1),(844,'茶港站','书屋',2,'茶港社区','武昌区',5,0,0,0,0,0,0,'114.358935','30.5466',1),(845,'珈智站','书屋',2,'珈智社区','武昌区',5,0,0,0,0,0,0,'','',0),(846,'水生村社区','书屋',2,'水生村社区','武昌区',5,0,0,0,0,0,0,'114.364674','30.55095',1),(847,'东湖村社区','书屋',2,'东湖村社区','武昌区',5,0,0,0,0,0,0,'114.377391','30.53543',1),(848,'省军区社区','书屋',2,'省军区社区','武昌区',5,0,0,0,0,0,0,'','',0),(849,'风光村','书屋',2,'风光村社区','武昌区',5,0,0,0,0,0,0,'114.383399','30.539448',1),(850,'八铺街','书屋',2,'八铺街社区','武昌区',5,0,0,0,0,0,0,'114.304546','30.528423',1),(851,'解放桥','书屋',2,'解放桥社区','武昌区',5,0,0,0,0,0,0,'114.301585','30.533195',1),(852,'万福林','书屋',2,'万福林社区','武昌区',5,0,0,0,0,0,0,'114.302931','30.52676',1),(853,'梅花苑','书屋',2,'梅花苑社区','武昌区',5,0,0,0,0,0,0,'114.299647','30.529794',1),(854,'堤东','书屋',2,'堤东社区','武昌区',5,0,0,0,0,0,0,'114.299581','30.525147',1),(855,'长江紫都（文体中心）','书屋',2,'长江紫都（文体中心）','武昌区',5,0,0,0,0,0,0,'114.296167','30.520772',1),(856,'堤后','书屋',2,'堤后社区','武昌区',5,0,0,0,0,0,0,'114.294433','30.515049',1),(857,'佳韵','书屋',2,'佳韵社区','武昌区',5,0,0,0,0,0,0,'','',0),(858,'城南','书屋',2,'城南社区','武昌区',5,0,0,0,0,0,0,'','',0),(859,'星苑','书屋',2,'星苑社区','武昌区',5,0,0,0,0,0,0,'','',0),(860,'邮电','书屋',2,'邮电社区','武昌区',5,0,0,0,0,0,0,'114.30884','30.520154',1),(861,'涂家沟','书屋',2,'涂家沟社区','武昌区',5,0,0,0,0,0,0,'114.310963','30.525259',1),(862,'读书社区','书屋',2,'读书社区','武昌区',5,0,0,0,0,0,0,'114.307379','30.543971',1),(863,'花堤社区','书屋',2,'花堤社区','武昌区',5,0,0,0,0,0,0,'','',0),(864,'彭刘杨路社区','书屋',2,'彭刘杨路社区','武昌区',5,0,0,0,0,0,0,'114.3105','30.545484',1),(865,'西厂口社区','书屋',2,'西厂口社区','武昌区',5,0,0,0,0,0,0,'114.310023','30.547801',1),(866,'昙华林社区','书屋',2,'昙华林社区','武昌区',5,0,0,0,0,0,0,'114.316997','30.557554',1),(867,'戈甲营社区','书屋',2,'戈甲营社区','武昌区',5,0,0,0,0,0,0,'114.313316','30.555995',1),(868,'胭脂路社区','书屋',2,'胭脂路社区','武昌区',5,0,0,0,0,0,0,'114.314108','30.554311',1),(869,'小东门社区','书屋',2,'小东门社区','武昌区',5,0,0,0,0,0,0,'114.321784','30.551004',1),(870,'民主路社区','书屋',2,'民主路社区','武昌区',5,0,0,0,0,0,0,'114.319307','30.550519',1),(871,'花园山社区','书屋',2,'花园山社区','武昌区',5,0,0,0,0,0,0,'114.315931','30.555445',1),(872,'中医社区','书屋',2,'中医社区','武昌区',5,0,0,0,0,0,0,'114.32264','30.556338',1),(873,'东龙社区','书屋',2,'东龙社区','武昌区',5,0,0,0,0,0,0,'','',0),(874,'街文体中心(中南大社区）','书屋',2,'街文体中心(中南大社区）','武昌区',5,0,0,0,0,0,0,'114.335573','30.509868',1),(875,'长湖社区','书屋',2,'长湖社区','武昌区',5,0,0,0,0,0,0,'114.147065','30.164897',1),(876,'大东门社区','书屋',2,'大东门社区','武昌区',5,0,0,0,0,0,0,'114.326327','30.540859',1),(877,'武南村社区','书屋',2,'武南村社区','武昌区',5,0,0,0,0,0,0,'114.329104','30.532684',1),(878,'千家街','书屋',2,'千家街','武昌区',5,0,0,0,0,0,0,'114.32355','30.543365',1),(879,'719社区','书屋',2,'719社区','武昌区',5,0,0,0,0,0,0,'','',0),(880,'701社区','书屋',2,'701社区','武昌区',5,0,0,0,0,0,0,'','',0),(881,'江零社区','书屋',2,'江零社区','武昌区',5,0,0,0,0,0,0,'114.318067','30.540938',1),(882,'岳家嘴社区','书屋',2,'岳家嘴社区','武昌区',5,0,0,0,0,0,0,'114.364083','30.579',1),(883,'滨湖社区','书屋',2,'滨湖社区','武昌区',5,0,0,0,0,0,0,'114.153199','30.491059',1),(884,'茶港社区','书屋',2,'茶港社区','武昌区',5,0,0,0,0,0,0,'114.358935','30.5466',1),(885,'东湖路社区','书屋',2,'东湖路社区','武昌区',5,0,0,0,0,0,0,'114.363918','30.558037',1),(886,'水果湖东亭文体中心','书屋',2,'水果湖东亭文体中心','武昌区',5,0,0,0,0,0,0,'114.361204','30.575695',1),(887,'放鹰台社区','书屋',2,'放鹰台社区','武昌区',5,0,0,0,0,0,0,'114.353585','30.554593',1),(888,'洪山路社区','书屋',2,'洪山路社区','武昌区',5,0,0,0,0,0,0,'114.351779','30.551756',1),(889,'机安社区','书屋',2,'机安社区','武昌区',5,0,0,0,0,0,0,'','',0),(890,'青鱼嘴社区','书屋',2,'青鱼嘴社区','武昌区',5,0,0,0,0,0,0,'','',0),(891,'武铁社区','书屋',2,'武铁社区','武昌区',5,0,0,0,0,0,0,'','',0),(892,'武重社区','书屋',2,'武重社区','武昌区',5,0,0,0,0,0,0,'','',0),(893,'北环路社区','书屋',2,'北环路社区','武昌区',5,0,0,0,0,0,0,'114.346826','30.552826',1),(894,'新建社区','书屋',2,'新建社区','武昌区',5,0,0,0,0,0,0,'114.318828','30.622469',1),(895,'徐东路社区','书屋',2,'徐东路社区','武昌区',5,0,0,0,0,0,0,'114.353108','30.603935',1),(896,'姚家岭','书屋',2,'姚家岭社区','武昌区',5,0,0,0,0,0,0,'114.343856','30.556347',1),(897,'张家湾社区','书屋',2,'张家湾社区','武昌区',5,0,0,0,0,0,0,'114.294911','30.501345',1),(898,'金都蓝湾','书屋',2,'金都蓝湾社区','武昌区',5,0,0,0,0,0,0,'114.40324','30.630887',1),(899,'四清里','书屋',2,'四清里社区','武昌区',5,0,0,0,0,0,0,'114.319903','30.566963',1),(900,'凤凰城','书屋',2,'凤凰城社区','武昌区',5,0,0,0,0,0,0,'114.314878','30.562622',1),(901,'康乐里','书屋',2,'康乐里社区','武昌区',5,0,0,0,0,0,0,'114.324898','30.577848',1),(902,'金地花园','书屋',2,'金地花园社区','武昌区',5,0,0,0,0,0,0,'114.383138','30.628572',1),(903,'中山','书屋',2,'中山社区','武昌区',5,0,0,0,0,0,0,'114.310825','30.561639',1),(904,'新河','书屋',2,'新河社区','武昌区',5,0,0,0,0,0,0,'114.320943','30.576258',1),(905,'沙湖','书屋',2,'沙湖社区','武昌区',5,0,0,0,0,0,0,'114.341039','30.571836',1),(906,'融侨华府','书屋',2,'融侨华府社区','武昌区',5,0,0,0,0,0,0,'114.323412','30.575605',1),(907,'汉成里','书屋',2,'汉成里社区','武昌区',5,0,0,0,0,0,0,'114.316062','30.569234',1),(908,'尚隆苑','书屋',2,'尚隆苑社区','武昌区',5,0,0,0,0,0,0,'114.323454','30.560839',1),(909,'新生里','书屋',2,'新生里社区','武昌区',5,0,0,0,0,0,0,'114.321934','30.573977',1),(910,'街文体中心','书屋',2,'街文体中心','武昌区',5,0,0,0,0,0,0,'114.335573','30.509868',1),(911,'诚善里社区','书屋',2,'诚善里社区','武昌区',5,0,0,0,0,0,0,'114.338821','30.59803',1),(912,'国际城社区','书屋',2,'国际城社区','武昌区',5,0,0,0,0,0,0,'','',0),(913,'惠誉花园社区','书屋',2,'惠誉花园社区','武昌区',5,0,0,0,0,0,0,'','',0),(914,'秦园路社区','书屋',2,'秦园路社区','武昌区',5,0,0,0,0,0,0,'114.338026','30.594794',1),(915,'秦臻路社区','书屋',2,'秦臻路社区','武昌区',5,0,0,0,0,0,0,'114.335202','30.590853',1),(916,'三角路社区','书屋',2,'三角路社区','武昌区',5,0,0,0,0,0,0,'114.339262','30.589316',1),(917,'水岸星城社区','书屋',2,'水岸星城社区','武昌区',5,0,0,0,0,0,0,'114.349665','30.579041',1),(918,'喻家湖社区','书屋',2,'喻家湖社区','武昌区',5,0,0,0,0,0,0,'114.333754','30.580696',1),(919,'长轮社区','书屋',2,'长轮社区','武昌区',5,0,0,0,0,0,0,'','',0),(920,'武车四村','书屋',2,'武车四村','武昌区',5,0,0,0,0,0,0,'114.326528','30.583184',1),(921,'徐东社区','书屋',2,'徐东社区','武昌区',5,0,0,0,0,0,0,'','',0),(922,'理工大水运社区','书屋',2,'理工大水运社区','武昌区',5,0,0,0,0,0,0,'','',0),(923,'电信社区','书屋',2,'电信社区','武昌区',5,0,0,0,0,0,0,'114.352298','30.601825',1),(924,'二桥社区','书屋',2,'二桥社区','武昌区',5,0,0,0,0,0,0,'114.351232','30.599201',1),(925,'纺器社区','书屋',2,'纺器社区','武昌区',5,0,0,0,0,0,0,'114.356042','30.607164',1),(926,'国棉社区','书屋',2,'国棉社区','武昌区',5,0,0,0,0,0,0,'114.288713','30.563375',1),(927,'建设新村','书屋',2,'建设新村','武昌区',5,0,0,0,0,0,0,'114.349803','30.608842',1),(928,'临江社区','书屋',2,'临江社区','武昌区',5,0,0,0,0,0,0,'114.399823','30.649315',1),(929,'欧景苑社区','书屋',2,'欧景苑社区','武昌区',5,0,0,0,0,0,0,'114.361506','30.622218',1),(930,'四美社区','书屋',2,'四美社区','武昌区',5,0,0,0,0,0,0,'','',0),(931,'铁机路社区','书屋',2,'铁机路社区','武昌区',5,0,0,0,0,0,0,'114.360813','30.608099',1),(932,'柴东社区','书屋',2,'柴东社区','武昌区',5,0,0,0,0,0,0,'114.356928','30.604198',1),(933,'余家头社区','书屋',2,'余家头社区','武昌区',5,0,0,0,0,0,0,'114.359687','30.616226',1),(934,'粤汉里社区','书屋',2,'粤汉里社区','武昌区',5,0,0,0,0,0,0,'114.345314','30.610036',1),(935,'电力新村社区','书屋',2,'电力新村社区','武昌区',5,0,0,0,0,0,0,'114.349533','30.604168',1),(936,'四美塘社区','书屋',2,'四美塘社区','武昌区',5,0,0,0,0,0,0,'114.350174','30.601085',1),(937,'中华路街街道文体活动中心','书屋',2,'中华路街街道文体活动中心','武昌区',5,0,0,0,0,0,0,'114.307293','30.554585',1),(938,'都府堤','书屋',2,'都府堤社区','武昌区',5,0,0,0,0,0,0,'114.304882','30.554676',1),(939,'户部巷社区','书屋',2,'户部巷社区','武昌区',5,0,0,0,0,0,0,'114.305443','30.554825',1),(940,'西城壕','书屋',2,'西城壕社区','武昌区',5,0,0,0,0,0,0,'116.37319','39.93428',1),(941,'楚材社区','书屋',2,'楚材社区','武昌区',5,0,0,0,0,0,0,'114.307719','30.553914',1),(942,'小刘家湾社区','书屋',2,'小刘家湾社区','武昌区',5,0,0,0,0,0,0,'114.33309','30.546965',1),(943,'洪山坊社区','书屋',2,'洪山坊社区','武昌区',5,0,0,0,0,0,0,'114.33292','30.545596',1),(944,'静安上城社区','书屋',2,'静安上城社区','武昌区',5,0,0,0,0,0,0,'114.327891','30.528981',1),(945,'何家垅社区','书屋',2,'何家垅社区','武昌区',5,0,0,0,0,0,0,'114.386995','30.443797',1),(946,'梅苑社区','书屋',2,'梅苑社区','武昌区',5,0,0,0,0,0,0,'114.397334','30.536038',1),(947,'莲溪寺社区','书屋',2,'莲溪寺社区','武昌区',5,0,0,0,0,0,0,'','',0),(948,'长春社区','书屋',2,'长春社区','武昌区',5,0,0,0,0,0,0,'123.354517','41.795297',1),(949,'下徐家湾社区','书屋',2,'下徐家湾社区','武昌区',5,0,0,0,0,0,0,'114.340633','30.542802',1),(950,'新民主路社区','书屋',2,'新民主路社区','武昌区',5,0,0,0,0,0,0,'','',0),(951,'电力社区','书屋',2,'电力社区','武昌区',5,0,0,0,0,0,0,'114.266102','30.596959',1),(952,'省公安厅','书屋',2,'省公安厅','武昌区',5,0,0,0,0,0,0,'114.615082','30.534956',1),(953,'石牌岭社区','书屋',2,'石牌岭社区','武昌区',5,0,0,0,0,0,0,'114.350131','30.534958',1),(954,'百瑞景社区','书屋',2,'百瑞景社区','武昌区',5,0,0,0,0,0,0,'114.342936','30.526868',1),(955,'涂家岭社区','书屋',2,'涂家岭社区','武昌区',5,0,0,0,0,0,0,'114.338106','30.531302',1),(956,'静安社区','书屋',2,'静安社区','武昌区',5,0,0,0,0,0,0,'114.399473','30.641589',1),(957,'付家坡社区','书屋',2,'付家坡社区','武昌区',5,0,0,0,0,0,0,'114.335353','30.53993',1),(958,'中建院社区','书屋',2,'中建院社区','武昌区',5,0,0,0,0,0,0,'','',0),(959,'晒湖社区','书屋',2,'晒湖社区','武昌区',5,0,0,0,0,0,0,'114.331147','30.533408',1),(960,'武锅社区','书屋',2,'武锅社区','武昌区',5,0,0,0,0,0,0,'114.344125','30.536097',1),(961,'宝通寺社区','书屋',2,'宝通寺社区','武昌区',5,0,0,0,0,0,0,'114.340055','30.540307',1),(962,'解放路社区','书屋',2,'解放路社区','武昌区',5,0,0,0,0,0,0,'114.302476','30.539317',1),(963,'歌笛湖社区','书屋',2,'歌笛湖社区','武昌区',5,0,0,0,0,0,0,'114.306763','30.538837',1),(964,'水陆社区','书屋',2,'水陆社区','武昌区',5,0,0,0,0,0,0,'114.303383','30.536163',1),(965,'保望堤社区','书屋',2,'保望堤社区','武昌区',5,0,0,0,0,0,0,'114.305003','30.533261',1),(966,'复兴路社区','书屋',2,'复兴路社区','武昌区',5,0,0,0,0,0,0,'114.307961','30.535141',1),(967,'保安社区','书屋',2,'保安社区','武昌区',5,0,0,0,0,0,0,'','',0),(968,'起义门社区','书屋',2,'起义门社区','武昌区',5,0,0,0,0,0,0,'114.312973','30.531412',1),(969,'梅隐寺社区','书屋',2,'梅隐寺社区','武昌区',5,0,0,0,0,0,0,'114.315147','30.529215',1),(970,'武泰闸社区','书屋',2,'武泰闸社区','武昌区',5,0,0,0,0,0,0,'114.31474','30.525612',1),(971,'宝安社区','书屋',2,'宝安社区','武昌区',5,0,0,0,0,0,0,'113.930013','22.707433',1),(972,'华锦社区','书屋',2,'华锦社区','武昌区',5,0,0,0,0,0,0,'','',0),(973,'宁松社区','书屋',2,'宁松社区','武昌区',5,0,0,0,0,0,0,'','',0),(974,'都市桃源社区','书屋',2,'都市桃源社区','武昌区',5,0,0,0,0,0,0,'114.324861','30.511106',1),(975,'中央花园社区','书屋',2,'中央花园社区','武昌区',5,0,0,0,0,0,0,'114.323458','30.518475',1),(976,'水域天际社区','书屋',2,'水域天际社区','武昌区',5,0,0,0,0,0,0,'','',0),(977,'南湖街邻里文化活动中心','书屋',2,'南湖街邻里文化活动中心','武昌区',5,0,0,0,0,0,0,'114.327655','30.515679',1),(978,'莲港','书屋',2,'莲港','东西湖区',3,0,0,0,0,0,0,'','',0),(979,'莲湖','书屋',2,'莲湖','东西湖区',3,0,0,0,0,0,0,'108.915547','34.273192',1),(980,'东岳','书屋',2,'东岳','东西湖区',3,0,0,0,0,0,0,'114.597891','30.770224',1),(981,'灯塔','书屋',2,'灯塔','东西湖区',3,0,0,0,0,0,0,'123.312574','41.420099',1),(982,'旭东','书屋',2,'旭东','东西湖区',3,0,0,0,0,0,0,'','',0),(983,'前进','书屋',2,'前进','东西湖区',3,0,0,0,0,0,0,'114.291618','30.585587',1),(984,'巨龙','书屋',2,'巨龙','东西湖区',3,0,0,0,0,0,0,'','',0),(985,'水产','书屋',2,'水产','东西湖区',3,0,0,0,0,0,0,'','',0),(986,'五七','书屋',2,'五七','东西湖区',3,0,0,0,0,0,0,'','',0),(987,'五一','书屋',2,'五一','东西湖区',3,0,0,0,0,0,0,'','',0),(988,'五四','书屋',2,'五四','东西湖区',3,0,0,0,0,0,0,'','',0),(989,'卫东','书屋',2,'卫东','东西湖区',3,0,0,0,0,0,0,'113.365388','33.769108',1),(990,'嵩口','书屋',2,'嵩口','东西湖区',3,0,0,0,0,0,0,'','',0),(991,'陈家冲','书屋',2,'陈家冲','东西湖区',3,0,0,0,0,0,0,'','',0),(992,'向阳','书屋',2,'向阳','东西湖区',3,0,0,0,0,0,0,'130.301233','47.35092',1),(993,'东风','书屋',2,'东风','东西湖区',3,0,0,0,0,0,0,'','',0),(994,'群力','书屋',2,'群力','东西湖区',3,0,0,0,0,0,0,'','',0),(995,'胜利','书屋',2,'胜利','东西湖区',3,0,0,0,0,0,0,'','',0),(996,'红星','书屋',2,'红星','东西湖区',3,0,0,0,0,0,0,'114.35665','30.38104',1),(997,'荷包湖','书屋',2,'荷包湖','东西湖区',3,0,0,0,0,0,0,'113.987137','30.702046',1),(998,'试验站','书屋',2,'试验站','东西湖区',3,0,0,0,0,0,0,'','',0),(999,'大桥','书屋',2,'大桥','东西湖区',3,0,0,0,0,0,0,'114.411651','30.721525',1),(1000,'三合','书屋',2,'三合','东西湖区',3,0,0,0,0,0,0,'','',0),(1001,'红旗','书屋',2,'红旗','东西湖区',3,0,0,0,0,0,0,'114.481423','30.607123',1),(1002,'沙家台','书屋',2,'沙家台','东西湖区',3,0,0,0,0,0,0,'114.006319','30.727632',1),(1003,'汉宜','书屋',2,'汉宜','东西湖区',3,0,0,0,0,0,0,'','',0),(1004,'集镇','书屋',2,'集镇','东西湖区',3,0,0,0,0,0,0,'','',0),(1005,'林家台','书屋',2,'林家台','东西湖区',3,0,0,0,0,0,0,'114.014082','30.746139',1),(1006,'绿企办','书屋',2,'绿企办','东西湖区',3,0,0,0,0,0,0,'','',0),(1007,'振兴','书屋',2,'振兴','东西湖区',3,0,0,0,0,0,0,'114.289176','30.574889',1),(1008,'一大队','书屋',2,'一大队','东西湖区',3,0,0,0,0,0,0,'','',0),(1009,'二大队','书屋',2,'二大队','东西湖区',3,0,0,0,0,0,0,'113.979207','30.715856',1),(1010,'三大队','书屋',2,'三大队','东西湖区',3,0,0,0,0,0,0,'113.997162','30.707628',1),(1011,'四大队','书屋',2,'四大队','东西湖区',3,0,0,0,0,0,0,'114.089241','30.626577',1),(1012,'五大队','书屋',2,'五大队','东西湖区',3,0,0,0,0,0,0,'114.031599','30.687981',1),(1013,'六大队','书屋',2,'六大队','东西湖区',3,0,0,0,0,0,0,'114.000134','30.700179',1),(1014,'涢口','书屋',2,'涢口','东西湖区',3,0,0,0,0,0,0,'','',0),(1015,'县河','书屋',2,'县河','东西湖区',3,0,0,0,0,0,0,'','',0),(1016,'水口','书屋',2,'水口','东西湖区',3,0,0,0,0,0,0,'114.257272','31.295013',1),(1017,'新沟','书屋',2,'新沟','东西湖区',3,0,0,0,0,0,0,'113.954798','30.700912',1),(1018,'蔬菜公司','书屋',2,'蔬菜公司','东西湖区',3,0,0,0,0,0,0,'','',0),(1019,'农服中心','书屋',2,'农服中心','东西湖区',3,0,0,0,0,0,0,'','',0),(1020,'锦军书屋','书屋',2,'锦军书屋','东西湖区',3,0,0,0,0,0,0,'','',0),(1021,'打靶堤','书屋',2,'打靶堤','东西湖区',3,0,0,0,0,0,0,'114.059615','30.638006',1),(1022,'金松大队','书屋',2,'金松大队','东西湖区',3,0,0,0,0,0,0,'114.042167','30.675668',1),(1023,'新建队走','书屋',2,'新建队走','东西湖区',3,0,0,0,0,0,0,'114.160236','30.724323',1),(1024,'苗湖大队','书屋',2,'苗湖大队','东西湖区',3,0,0,0,0,0,0,'113.983888','30.66373',1),(1025,'新华大队','书屋',2,'新华大队','东西湖区',3,0,0,0,0,0,0,'113.992306','30.651126',1),(1026,'六合大队','书屋',2,'六合大队','东西湖区',3,0,0,0,0,0,0,'114.025492','30.619229',1),(1027,'良湖垸','书屋',2,'良湖垸','东西湖区',3,0,0,0,0,0,0,'','',0),(1028,'林果大队','书屋',2,'林果大队','东西湖区',3,0,0,0,0,0,0,'114.030155','30.661702',1),(1029,'青峰大队','书屋',2,'青峰大队','东西湖区',3,0,0,0,0,0,0,'','',0),(1030,'新新建队','书屋',2,'新新建队','东西湖区',3,0,0,0,0,0,0,'114.160236','30.724323',1),(1031,'水产大队','书屋',2,'水产大队','东西湖区',3,0,0,0,0,0,0,'114.13422','30.720873',1),(1032,'东方红','书屋',2,'东方红','东西湖区',3,0,0,0,0,0,0,'','',0),(1033,'走马岭镇','书屋',2,'走马岭镇','东西湖区',3,0,0,0,0,0,0,'114.035905','30.655215',1),(1034,'新华集镇','书屋',2,'新华集镇','东西湖区',3,0,0,0,0,0,0,'114.320722','30.648884',1),(1035,'西园公司','书屋',2,'西园公司','东西湖区',3,0,0,0,0,0,0,'114.274567','30.591281',1),(1036,'孙家湾','书屋',2,'孙家湾','东西湖区',3,0,0,0,0,0,0,'','',0),(1037,'沙咀大队','书屋',2,'沙咀大队','东西湖区',3,0,0,0,0,0,0,'','',0),(1038,'慈惠大队','书屋',2,'慈惠大队','东西湖区',3,0,0,0,0,0,0,'114.134789','30.601718',1),(1039,'渔门大队','书屋',2,'渔门大队','东西湖区',3,0,0,0,0,0,0,'114.12141','30.603577',1),(1040,'胡家大队','书屋',2,'胡家大队','东西湖区',3,0,0,0,0,0,0,'','',0),(1041,'滨江大队','书屋',2,'滨江大队','东西湖区',3,0,0,0,0,0,0,'120.19237','30.187588',1),(1042,'八向大队','书屋',2,'八向大队','东西湖区',3,0,0,0,0,0,0,'114.059165','30.59478',1),(1043,'石榴红村','书屋',2,'石榴红村','东西湖区',3,0,0,0,0,0,0,'114.037542','30.60274',1),(1044,'居委会','书屋',2,'居委会','东西湖区',3,0,0,0,0,0,0,'','',0),(1045,'蔡家大队','书屋',2,'蔡家大队','东西湖区',3,0,0,0,0,0,0,'114.26121','30.120684',1),(1046,'二雅社区','书屋',2,'二雅社区','东西湖区',3,0,0,0,0,0,0,'','',0),(1047,'合兴里','书屋',2,'合兴里','东西湖区',3,0,0,0,0,0,0,'114.139051','30.620904',1),(1048,'三民社区','书屋',2,'三民社区','东西湖区',3,0,0,0,0,0,0,'114.293565','30.578121',1),(1049,'金鼎湾','书屋',2,'金鼎湾','东西湖区',3,0,0,0,0,0,0,'114.155951','30.622757',1),(1050,'华星社区','书屋',2,'华星社区','东西湖区',3,0,0,0,0,0,0,'','',0),(1051,'革新社区','书屋',2,'革新社区','东西湖区',3,0,0,0,0,0,0,'114.477083','38.055354',1),(1052,'先峰大队','书屋',2,'先峰大队','东西湖区',3,0,0,0,0,0,0,'','',0),(1053,'石家坡','书屋',2,'石家坡','东西湖区',3,0,0,0,0,0,0,'','',0),(1054,'莲花湖','书屋',2,'莲花湖','东西湖区',3,0,0,0,0,0,0,'114.285463','30.553028',1),(1055,'稻香社区','书屋',2,'稻香社区','东西湖区',3,0,0,0,0,0,0,'114.148314','30.653645',1),(1056,'新河大队','书屋',2,'新河大队','东西湖区',3,0,0,0,0,0,0,'114.171255','30.697276',1),(1057,'十字路','书屋',2,'十字路','东西湖区',3,0,0,0,0,0,0,'','',0),(1058,'永丰苑','书屋',2,'永丰苑','东西湖区',3,0,0,0,0,0,0,'114.167963','30.685129',1),(1059,'官塘角','书屋',2,'官塘角','东西湖区',3,0,0,0,0,0,0,'114.143336','30.648854',1),(1060,'民田社区','书屋',2,'民田社区','东西湖区',3,0,0,0,0,0,0,'','',0),(1061,'电犁社区','书屋',2,'电犁社区','东西湖区',3,0,0,0,0,0,0,'','',0),(1062,'渔技大队','书屋',2,'渔技大队','东西湖区',3,0,0,0,0,0,0,'','',0),(1063,'红卫大队','书屋',2,'红卫大队','东西湖区',3,0,0,0,0,0,0,'114.126176','30.734824',1),(1064,'连一大队','书屋',2,'连一大队','东西湖区',3,0,0,0,0,0,0,'114.082734','30.704689',1),(1065,'北湖大队','书屋',2,'北湖大队','东西湖区',3,0,0,0,0,0,0,'114.130369','30.75642',1),(1066,'东湖大队','书屋',2,'东湖大队','东西湖区',3,0,0,0,0,0,0,'114.172766','30.722982',1),(1067,'红光大队','书屋',2,'红光大队','东西湖区',3,0,0,0,0,0,0,'114.146135','30.74021',1),(1068,'红星大队','书屋',2,'红星大队','东西湖区',3,0,0,0,0,0,0,'114.138715','30.758649',1),(1069,'园林大队','书屋',2,'园林大队','东西湖区',3,0,0,0,0,0,0,'114.075368','30.623847',1),(1070,'连二大队','书屋',2,'连二大队','东西湖区',3,0,0,0,0,0,0,'114.103698','30.703862',1),(1071,'西一大队','书屋',2,'西一大队','东西湖区',3,0,0,0,0,0,0,'114.103817','30.717336',1),(1072,'西二大队','书屋',2,'西二大队','东西湖区',3,0,0,0,0,0,0,'114.091216','30.726566',1),(1073,'新苑社区','书屋',2,'新苑社区','东西湖区',3,0,0,0,0,0,0,'','',0),(1074,'南湖大队','书屋',2,'南湖大队','东西湖区',3,0,0,0,0,0,0,'','',0),(1075,'东二大队','书屋',2,'东二大队','东西湖区',3,0,0,0,0,0,0,'','',0),(1076,'新港苑','书屋',2,'新港苑','东西湖区',3,0,0,0,0,0,0,'114.157749','30.70095',1),(1077,'回盛企业','书屋',2,'回盛企业','东西湖区',3,0,0,0,0,0,0,'114.3754','30.626625',1),(1078,'新桥公司','书屋',2,'新桥公司','东西湖区',3,0,0,0,0,0,0,'114.307217','30.533029',1),(1079,'李家墩','书屋',2,'李家墩','东西湖区',3,0,0,0,0,0,0,'114.234769','30.676341',1),(1080,'金泰公司','书屋',2,'金泰公司','东西湖区',3,0,0,0,0,0,0,'','',0),(1081,'马池公司','书屋',2,'马池公司','东西湖区',3,0,0,0,0,0,0,'114.233039','30.667094',1),(1082,'常安社区','书屋',2,'常安社区','东西湖区',3,0,0,0,0,0,0,'','',0),(1083,'四季花城','书屋',2,'四季花城','东西湖区',3,0,0,0,0,0,0,'114.291136','30.561186',1),(1084,'恋湖社区','书屋',2,'恋湖社区','东西湖区',3,0,0,0,0,0,0,'','',0),(1085,'丽水社区','书屋',2,'丽水社区','东西湖区',3,0,0,0,0,0,0,'119.929576','28.4563',1),(1086,'严家渡','书屋',2,'严家渡','东西湖区',3,0,0,0,0,0,0,'114.170814','30.660918',1),(1087,'碧海社区','书屋',2,'碧海社区','东西湖区',3,0,0,0,0,0,0,'','',0),(1088,'将军路','书屋',2,'将军路','东西湖区',3,0,0,0,0,0,0,'114.266186','30.65755',1),(1089,'将花社区','书屋',2,'将花社区','东西湖区',3,0,0,0,0,0,0,'114.25973','30.655056',1),(1090,'将被社区','书屋',2,'将被社区','东西湖区',3,0,0,0,0,0,0,'','',0),(1091,'姑李路','书屋',2,'姑李路','东西湖区',3,0,0,0,0,0,0,'114.256432','30.65423',1),(1092,'马池社区','书屋',2,'马池社区','东西湖区',3,0,0,0,0,0,0,'114.232924','30.660853',1),(1093,'梅花池','书屋',2,'梅花池','东西湖区',3,0,0,0,0,0,0,'','',0),(1094,'张家墩','书屋',2,'张家墩','东西湖区',3,0,0,0,0,0,0,'','',0),(1095,'额头湾','书屋',2,'额头湾','东西湖区',3,0,0,0,0,0,0,'','',0),(1096,'田园社区','书屋',2,'田园社区','东西湖区',3,0,0,0,0,0,0,'','',0),(1097,'文家湾','书屋',2,'文家湾','东西湖区',3,0,0,0,0,0,0,'','',0),(1098,'梦佳社区','书屋',2,'梦佳社区','东西湖区',3,0,0,0,0,0,0,'','',0),(1099,'开屏里','书屋',2,'开屏里','东西湖区',3,0,0,0,0,0,0,'114.154268','30.629039',1),(1100,'望丰社区','书屋',2,'望丰社区','东西湖区',3,0,0,0,0,0,0,'','',0),(1101,'祁家山','书屋',2,'祁家山','东西湖区',3,0,0,0,0,0,0,'114.144714','30.640064',1),(1102,'长青社区','书屋',2,'长青社区','东西湖区',3,0,0,0,0,0,0,'','',0),(1103,'恒春里','书屋',2,'恒春里','东西湖区',3,0,0,0,0,0,0,'114.138807','30.629288',1),(1104,'杏园社区','书屋',2,'杏园社区','东西湖区',3,0,0,0,0,0,0,'','',0),(1105,'吴南里','书屋',2,'吴南里','东西湖区',3,0,0,0,0,0,0,'','',0),(1106,'吴兴社区','书屋',2,'吴兴社区','东西湖区',3,0,0,0,0,0,0,'114.149141','30.630438',1),(1107,'第一社区','书屋',2,'第一社区','东西湖区',3,0,0,0,0,0,0,'','',0),(1108,'第二社区','书屋',2,'第二社区','东西湖区',3,0,0,0,0,0,0,'','',0),(1109,'第三社区','书屋',2,'第三社区','东西湖区',3,0,0,0,0,0,0,'','',0),(1110,'第四社区','书屋',2,'第四社区','东西湖区',3,0,0,0,0,0,0,'','',0),(1111,'第五社区','书屋',2,'第五社区','东西湖区',3,0,0,0,0,0,0,'','',0),(1112,'纸坊文化站','书屋',2,'兴新街','江夏区',8,1900,2000,0,0,0,0,'114.324812','30.354509',1),(1113,'城关村农家书屋','书屋',2,'城关村','江夏区',8,1900,2000,0,0,0,0,'114.334568','30.354723',1),(1114,'东方村农家书屋','书屋',2,'东方村','江夏区',8,1900,2000,0,0,0,0,'114.352126','30.345087',1),(1115,'东林村农家书屋','书屋',2,'东林村','江夏区',8,1900,2000,0,0,0,0,'114.350302','30.345483',1),(1116,'丰收村农家书屋','书屋',2,'丰收村','江夏区',8,1900,2000,0,0,0,0,'114.305379','30.517844',1),(1117,'姜家畈村农家书屋','书屋',2,'姜家畈村','江夏区',8,1900,2000,0,0,0,0,'114.324873','30.366853',1),(1118,'林港村农家书屋','书屋',2,'林港村','江夏区',8,1900,2000,0,0,0,0,'114.346281','30.288783',1),(1119,'齐心村农家书屋','书屋',2,'齐心村','江夏区',8,1900,2000,0,0,0,0,'114.265586','30.95046',1),(1120,'青龙村农家书屋','书屋',2,'青龙村','江夏区',8,1900,2000,0,0,0,0,'114.310147','30.35195',1),(1121,'胜利村农家书屋','书屋',2,'胜利村','江夏区',8,1900,2000,0,0,0,0,'','',0),(1122,'狮子山村农家书屋','书屋',2,'狮子山村','江夏区',8,1900,2000,0,0,0,0,'114.350764','31.107668',1),(1123,'照耀村农家书屋','书屋',2,'照耀村','江夏区',8,1900,2000,0,0,0,0,'114.375253','30.312235',1),(1124,'林场社区书屋','书屋',2,'学府路36号','江夏区',8,1900,2000,0,0,0,0,'114.369812','30.543535',1),(1125,'中建三局二公司社区书屋','书屋',2,'纸坊大街701号','江夏区',8,1900,2000,0,0,0,0,'114.333132','30.348969',1),(1126,'九六零三社区书屋','书屋',2,'九六零三厂','江夏区',8,1900,2000,0,0,0,0,'','',0),(1127,'中建三局四公司社区书屋','书屋',2,'纸坊大街1347号','江夏区',8,1900,2000,0,0,0,0,'114.311223','30.347532',1),(1128,'马山社区书屋','书屋',2,'南郡帝院后','江夏区',8,1900,2000,0,0,0,0,'108.169604','23.664943',1),(1129,'今城社区书屋','书屋',2,'今城小区10号','江夏区',8,1900,2000,0,0,0,0,'','',0),(1130,'文苑社区书屋','书屋',2,'纸坊街-街288号','江夏区',8,1900,2000,0,0,0,0,'114.389636','30.633559',1),(1131,'三潭社区书屋','书屋',2,'纸坊大街南','江夏区',8,1900,2000,0,0,0,0,'114.337391','30.349353',1),(1132,'幸福社区书屋','书屋',2,'幸福巷6号','江夏区',8,1900,2000,0,0,0,0,'114.325474','30.347658',1),(1133,'育才社区书屋','书屋',2,'江夏大道148号','江夏区',8,1900,2000,0,0,0,0,'114.339751','30.362968',1),(1134,'宁港社区书屋','书屋',2,'中心街13号','江夏区',8,1900,2000,0,0,0,0,'114.316211','30.319106',1),(1135,'宁安社区书屋','书屋',2,'纸坊街城南','江夏区',8,1900,2000,0,0,0,0,'114.32602','30.363296',1),(1136,'新北路社区书屋','书屋',2,'熊廷弼街157号','江夏区',8,1900,2000,0,0,0,0,'114.317324','30.356265',1),(1137,'河头社区书屋','书屋',2,'北华街百花园7栋2单元','江夏区',8,1900,2000,0,0,0,0,'114.225166','30.565432',1),(1138,'站西社区书屋','书屋',2,'纸坊街八分山路399号','江夏区',8,1900,2000,0,0,0,0,'114.314738','30.361107',1),(1139,'秀山社区书屋','书屋',2,'武昌大道506号','江夏区',8,1900,2000,0,0,0,0,'114.309384','30.346276',1),(1140,'郭岭社区书屋','书屋',2,'北华街建材花园小区7栋6单元','江夏区',8,1900,2000,0,0,0,0,'114.327708','30.363586',1),(1141,'龙井社区书屋','书屋',2,'纸坊街兴新街99号','江夏区',8,1900,2000,0,0,0,0,'114.326786','30.352522',1),(1142,'青龙山社区书屋','书屋',2,'纸坊街学府路36号','江夏区',8,1900,2000,0,0,0,0,'114.369812','30.543535',1),(1143,'职中社区书屋','书屋',2,'武昌大道1127号附15号','江夏区',8,1900,2000,0,0,0,0,'114.317805','30.364654',1),(1144,'西港社区书屋','书屋',2,'长乐路2附77','江夏区',8,1900,2000,0,0,0,0,'114.312891','30.348922',1),(1145,'北华社区书屋','书屋',2,'沙羡街38号','江夏区',8,1900,2000,0,0,0,0,'114.322246','30.359895',1),(1146,'复江道社区书屋','书屋',2,'兴新街285号','江夏区',8,1900,2000,0,0,0,0,'114.320368','30.353566',1),(1147,'花山社区书屋','书屋',2,'马山路附近','江夏区',8,1900,2000,0,0,0,0,'114.347395','30.370647',1),(1148,'江夏区图书馆','图书馆',6,'武汉市江夏区纸坊街兴新街269号','江夏区',8,13245,7555,0,230000,99000,0,'114.321404','30.353318',1),(1149,'武昌区图书馆','图书馆',6,'武汉市武昌区三道街106号','武昌区',5,12122,12122,0,0,0,0,'114.313026','30.551608',1),(1150,'武汉图书馆','图书馆',6,'建设大道861号','江汉区',10,57187,56743,0,2380000,2830000,0,'114.288266','30.609073',1),(1151,'110社区图书室','图书馆',6,'钢花村街110社区','青山区',14,72,72,0,0,0,0,'114.387749','30.624905',1),(1152,'111社区图书室','图书馆',6,'钢花村街111社区','青山区',14,22,22,0,0,0,0,'114.387749','30.624905',1),(1153,'114社区图书室','图书馆',6,'钢花村街114社区','青山区',14,1,1,0,0,0,0,'114.387749','30.624905',1),(1154,'116社区图书室','图书馆',6,'钢花村街116社区','青山区',14,3,3,0,0,0,0,'114.387749','30.624905',1),(1155,'117社区图书室','图书馆',6,'钢花村街117社区','青山区',14,15,15,0,0,0,0,'114.388022','30.627842',1),(1156,'118社区图书室','图书馆',6,'钢花村街118社区','青山区',14,7,7,0,0,0,0,'114.387749','30.624905',1),(1157,'119社区图书室','图书馆',6,'钢花村街119社区','青山区',14,7,7,0,0,0,0,'114.387749','30.624905',1),(1158,'120社区图书室','图书馆',6,'钢花村街120社区','青山区',14,9,9,0,0,0,0,'114.387749','30.624905',1),(1159,'121社区图书室','图书馆',6,'钢花村街121社区','青山区',14,10,10,0,0,0,0,'114.387749','30.624905',1),(1160,'洪山区图书馆','图书馆',6,'文治街30号','洪山区',11,6923,6923,0,245000,106843,0,'114.333679','30.510473',1),(1161,'武汉市少年儿童图书馆','图书馆',6,'汉口南京路64号','江岸区',9,64963,43175,0,1270000,1057000,0,'114.300952','30.588138',1),(1162,'硚口区图书馆','图书馆',6,'集贤路特一号1楼','硚口区',12,10631,10000,0,248717,150429,0,'114.270111','30.577366',1),(1163,'122社区图书室','图书馆',6,'钢都管委会122社区','青山区',14,1,1,0,0,0,0,'','',0),(1164,'123社区图书室','图书馆',6,'钢都管委会123社区','青山区',14,32,32,0,0,0,0,'','',0),(1165,'江岸区图书馆','图书馆',6,'江岸区南京路63号','江岸区',9,6500,6000,0,230000,132348,0,'114.298118','30.589176',1),(1166,'江岸区少年儿童图书馆','图书馆',6,'江岸区南京路63号','江岸区',9,4651,4017,0,120000,100000,0,'114.298118','30.589176',1),(1167,'新洲区图书馆','图书馆',6,'邾城街新洲大街53号','新洲区',4,1200,1000,0,149607,198165,0,'114.808414','30.849622',1),(1168,'蔡甸区图书馆','图书馆',6,'蔡甸街汉阳大街129号','蔡甸区',13,12291,12169,0,290000,169181,0,'114.0424','30.582781',1),(1169,'汤湖图书馆','图书馆',6,'武汉经济技术开发区兴华路1号','武汉经济技术开发区（汉南区）',6,18258,16949,0,0,0,0,'114.169834','30.480889',1),(1170,'江汉区图书馆','图书馆',6,'新华路275号','江汉区',10,3495,2595,0,279117,83848,0,'114.277388','30.609255',1),(1171,'武汉市东西湖区图书馆','图书馆',6,'东西湖区吴祁街13号','东西湖区',3,5000,5000,0,0,0,0,'114.14585','30.631516',1),(1172,'大智街图书室','图书馆',6,'南京路63号四楼','江岸区',9,0,0,0,0,0,0,'114.298118','30.589176',1),(1173,'一元街图书室','图书馆',6,'岳飞街7号','江岸区',9,0,0,0,0,0,0,'114.305792','30.595895',1),(1174,'车站街图书室','图书馆',6,'车站路98号','江岸区',9,0,0,0,0,0,0,'114.304005','30.599538',1),(1175,'四唯街图书室','图书馆',6,'解放公园路37号','江岸区',9,0,0,0,0,0,0,'114.309973','30.608043',1),(1176,'劳动街图书室','图书馆',6,'惠济路29号院','江岸区',9,0,0,0,0,0,0,'114.29695','30.615412',1),(1177,'台北街图书室','图书馆',6,'台北三村附17号','江岸区',9,0,0,0,0,0,0,'114.287673','30.60319',1),(1178,'西马街图书室','图书馆',6,'熊家台三巷28号','江岸区',9,0,0,0,0,0,0,'114.296101','30.598555',1),(1179,'球场街图书室','图书馆',6,'解放南路253号','江岸区',9,0,0,0,0,0,0,'114.309763','30.615989',1),(1180,'花桥街图书室','图书馆',6,'望才里40号','江岸区',9,0,0,0,0,0,0,'114.28942','30.62555',1),(1181,'永清街图书室','图书馆',6,'中山大道1562号','江岸区',9,0,0,0,0,0,0,'114.315119','30.611582',1),(1182,'二七街图书室','图书馆',6,'二七路143号','江岸区',9,0,0,0,0,0,0,'114.315525','30.633702',1),(1183,'新村街图书室','图书馆',6,'黄埔人家小区4栋、5栋架空层','江岸区',9,0,0,0,0,0,0,'114.323092','30.635533',1);
INSERT INTO `re_library` VALUES (1184,'丹水池街图书室','图书馆',6,'解放大道2082号锦湖花园小区13栋','江岸区',9,0,0,0,0,0,0,'114.349891','30.669258',1),(1185,'谌家矶街图书室','图书馆',6,'江岸区谌家矶大道73号','江岸区',9,0,0,0,0,0,0,'114.377478','30.682833',1),(1186,'塔子湖街图书室','图书馆',6,'江岸区金桥大道24号','江岸区',9,0,0,0,0,0,0,'114.294261','30.643981',1),(1187,'后湖街图书室','图书馆',6,'后湖二路59号','江岸区',9,0,0,0,0,0,0,'114.299003','30.640629',1),(1188,'百步亭社区图书室','图书馆',6,'温馨路13号党员群众服务中心','江岸区',9,0,0,0,0,0,0,'114.322008','30.649617',1),(1189,'武汉纺织大学图书馆','图书馆',6,'阳光大道1号','江夏区',8,0,0,0,0,0,0,'114.350668','30.379463',1),(1190,'武汉工程科技学院图书馆','图书馆',6,'熊廷弼街特8号','江夏区',8,0,0,0,0,0,0,'114.33272','30.35733',1),(1191,'湖北生态工程职业技术学院图书馆','图书馆',6,'武汉市江夏区纸坊大街110号','江夏区',8,317900,318000,0,0,0,0,'114.343234','30.350295',1),(1192,'江夏一中图书馆','图书馆',6,'江夏大道160号','江夏区',8,0,0,0,0,0,0,'114.342352','30.370141',1),(1193,'江夏实验高中图书馆','图书馆',6,'纸坊街青龙路2号','江夏区',8,0,0,0,0,0,0,'114.329263','30.347887',1),(1194,'江夏第一初级中学图书馆','图书馆',6,'兴新街101号','江夏区',8,0,0,0,0,0,0,'114.3266','30.352509',1),(1195,'江夏第二初级中学图书馆','图书馆',6,'纸坊街新南巷62号','江夏区',8,0,0,0,0,0,0,'114.321412','30.352052',1),(1196,'江夏第三初级中学图书馆','图书馆',6,'宁安路12号','江夏区',8,0,0,0,0,0,0,'114.322923','30.346181',1),(1197,'江夏第四初级中学图书馆','图书馆',6,'沙羡街58号','江夏区',8,0,0,0,0,0,0,'114.319567','30.360047',1),(1198,'江夏第五初级中学图书馆','图书馆',6,'兴新街53号','江夏区',8,0,0,0,0,0,0,'114.328405','30.352695',1),(1199,'江夏职中图书馆','图书馆',6,'武昌大道838号','江夏区',8,0,0,0,0,0,0,'114.320633','30.370797',1),(1200,'江夏一小图书馆','图书馆',6,'兴才路','江夏区',8,0,0,0,0,0,0,'114.328365','30.351824',1),(1201,'江夏二小图书馆','图书馆',6,'中兴街40号','江夏区',8,0,0,0,0,0,0,'114.322856','30.351151',1),(1202,'江夏三小图书馆','图书馆',6,'西交路167号','江夏区',8,0,0,0,0,0,0,'114.31514','30.352598',1),(1203,'实验小学图书馆','图书馆',6,'沙羡街46号','江夏区',8,0,0,0,0,0,0,'114.321479','30.359825',1),(1204,'齐心小学图书馆','图书馆',6,'齐心路5号','江夏区',8,0,0,0,0,0,0,'114.26101','30.951355',1),(1205,'明熙小学图书馆','图书馆',6,'熊廷弼街35号','江夏区',8,0,0,0,0,0,0,'114.328797','30.357113',1),(1206,'东湖路小学图书馆','图书馆',6,'东湖路77','江夏区',8,0,0,0,0,0,0,'114.33539','30.370781',1),(1207,'125社区图书室','图书馆',6,'钢都管委会125社区','青山区',14,10,10,0,0,0,0,'','',0),(1208,'126社区图书室','图书馆',6,'钢都管委会126社区','青山区',14,16,16,0,0,0,0,'','',0),(1209,'八大家花园社区图书室','图书馆',6,'红卫路街八大家社区','青山区',14,18,18,0,0,0,0,'114.39234','30.634597',1),(1210,'北苑图书室','图书馆',6,'钢花村街北苑社区','青山区',14,17,17,0,0,0,0,'114.387749','30.624905',1),(1211,'碧园社区图书室','图书馆',6,'红卫路街碧园社区','青山区',14,8,8,0,0,0,0,'114.377638','30.634499',1),(1212,'碧苑分馆','图书馆',6,'冶金街碧苑社区党群服务中心内','青山区',14,500,500,0,0,0,0,'114.405052','30.633208',1),(1213,'才惠社区图书室','图书馆',6,'红卫路街才惠社区','青山区',14,8,8,0,0,0,0,'114.378998','30.627397',1),(1214,'才聚社区图书室','图书馆',6,'红卫路街才聚社区','青山区',14,14,14,0,0,0,0,'114.37117','30.624948',1),(1215,'车站社区图书室','图书馆',6,'新沟桥街车站社区','青山区',14,5,5,0,0,0,0,'114.264691','30.55735',1),(1216,'船厂社区图书室','图书馆',6,'青山镇街船厂社区','青山区',14,17,17,0,0,0,0,'114.432934','30.658467',1),(1217,'翠园社区图书室','图书馆',6,'红卫路街翠园社区','青山区',14,5,5,0,0,0,0,'114.380054','30.635746',1),(1218,'东兴社区图书室','图书馆',6,'红卫路街东兴社区','青山区',14,1,1,0,0,0,0,'114.387328','30.631574',1),(1219,'二街社区图书室','图书馆',6,'红钢城街二街社区','青山区',14,8,8,0,0,0,0,'114.414839','30.650613',1),(1220,'光明攀建社区图书室','图书馆',6,'白玉山街光明攀建社区','青山区',14,11,11,0,0,0,0,'114.157201','30.494907',1),(1221,'光明社区图书室','图书馆',6,'新沟桥街光明社区','青山区',14,8,8,0,0,0,0,'114.401453','30.638018',1),(1222,'和畅社区图书室','图书馆',6,'红钢城和畅社区','青山区',14,3,3,0,0,0,0,'114.401859','30.650349',1),(1223,'和平社区图书室','图书馆',6,'红卫路街和平社区','青山区',14,7,7,0,0,0,0,'114.299314','30.574611',1),(1224,'和悦社区图书室','图书馆',6,'红钢城街和悦社区','青山区',14,4,4,0,0,0,0,'114.413757','30.652108',1),(1225,'虹蔚社区图书室','图书馆',6,'红卫路街虹蔚社区','青山区',14,4,4,0,0,0,0,'114.386969','30.629276',1),(1226,'火官社区图书室','图书馆',6,'白玉山街火官社区','青山区',14,2,2,0,0,0,0,'114.485501','30.615301',1),(1227,'蒋家墩社区图书室','图书馆',6,'新沟桥街蒋家墩社区','青山区',14,7,7,0,0,0,0,'114.395413','30.647234',1),(1228,'聚友社区图书室','图书馆',6,'红卫路街聚友社区','青山区',14,2,2,0,0,0,0,'114.382909','30.62713',1),(1229,'康达社区图书室','图书馆',6,'白玉山街康达社区','青山区',14,29,29,0,0,0,0,'114.494923','30.614037',1),(1230,'康乐社区图书室','图书馆',6,'白玉山街康乐社区','青山区',14,25,25,0,0,0,0,'114.485501','30.615301',1),(1231,'康美社区图书室','图书馆',6,'白玉山街康美社区','青山区',14,25,25,0,0,0,0,'114.488401','30.612064',1),(1232,'康宁社区图书室','图书馆',6,'白玉山街康宁社区','青山区',14,15,15,0,0,0,0,'114.496165','30.611631',1),(1233,'康寿社区图书室','图书馆',6,'白玉山街康寿社区','青山区',14,18,18,0,0,0,0,'114.490338','30.614525',1),(1234,'康苑社区图书室','图书馆',6,'红卫路街康苑社区','青山区',14,8,8,0,0,0,0,'114.503626','30.55669',1),(1235,'科大社区图书室','图书馆',6,'红卫路街科大社区','青山区',14,3,3,0,0,0,0,'114.387328','30.631574',1),(1236,'科技苑社区图书室','图书馆',6,'冶金街科技苑社区','青山区',14,15,15,0,0,0,0,'114.400039','30.635497',1),(1237,'科苑社区图书室','图书馆',6,'新沟桥街科苑社区','青山区',14,29,29,0,0,0,0,'114.408736','30.640073',1),(1238,'临江港湾图书室','图书馆',6,'红钢城街临江港湾社区','青山区',14,60,60,0,0,0,0,'127.19171','41.816566',1),(1239,'临江社区图书室','图书馆',6,'新沟桥街临江社区','青山区',14,16,16,0,0,0,0,'114.399823','30.649315',1),(1240,'六街社区图书室','图书馆',6,'红钢城街六街社区','青山区',14,25,25,0,0,0,0,'114.413757','30.652108',1),(1241,'陆鹞社区图书室','图书馆',6,'武东街陆鹞社区','青山区',14,24,24,0,0,0,0,'114.472161','30.588076',1),(1242,'绿景苑社区图书室','图书馆',6,'钢都管委会绿景苑社区','青山区',14,25,25,0,0,0,0,'114.379943','30.613804',1),(1243,'名流社区图书室','图书馆',6,'冶金街名流社区','青山区',14,1,1,0,0,0,0,'114.410249','30.63343',1),(1244,'墨香书屋','图书馆',6,'白玉山街康泰社区','青山区',14,23,23,0,0,0,0,'114.485501','30.615301',1),(1245,'南干渠社区图书室','图书馆',6,'冶金街南干渠社区','青山区',14,9,9,0,0,0,0,'114.401573','30.634186',1),(1246,'南苑图书室','图书馆',6,'钢花村街南苑社区','青山区',14,1,1,0,0,0,0,'114.387749','30.624905',1),(1247,'楠姆社区图书室','图书馆',6,'冶金街楠姆社区','青山区',14,2,2,0,0,0,0,'114.416613','30.634533',1),(1248,'七星社区电子阅览室','图书馆',6,'工人村街七星社区','青山区',14,13,13,0,0,0,0,'114.436403','30.650662',1),(1249,'桥头社区图书阅览室','图书馆',6,'工人村街桥头社区','青山区',14,1,1,0,0,0,0,'114.422019','30.652263',1),(1250,'青翠苑图书室','图书馆',6,'钢花村街青翠苑社区','青山区',14,17,17,0,0,0,0,'114.398837','30.624483',1),(1251,'青山区图书馆','图书馆',6,'和平大道建设九路11附24号','青山区',14,18000,18000,0,260000,189924,0,'114.412854','30.648706',1),(1252,'青扬社区图书室','图书馆',6,'红钢城街青扬社区','青山区',14,7,7,0,0,0,0,'','',0),(1253,'青宜居社区图书阅览室','图书馆',6,'工人村街青宜居社区','青山区',14,10,10,0,0,0,0,'114.424977','30.648592',1),(1254,'青源社区图书室','图书馆',6,'青山镇街青源社区','青山区',14,21,21,0,0,0,0,'114.432934','30.658467',1),(1255,'群力社区图书室','图书馆',6,'白玉山街群力社区','青山区',14,4,4,0,0,0,0,'114.485501','30.615301',1),(1256,'热电社区图书室','图书馆',6,'新沟桥街热电社区','青山区',14,8,8,0,0,0,0,'114.394339','30.64546',1),(1257,'三弓路社区图书室','图书馆',6,'红卫路街三弓路社区','青山区',14,6,6,0,0,0,0,'','',0),(1258,'三街社区图书室','图书馆',6,'红钢城街三街社区','青山区',14,15,15,0,0,0,0,'114.414092','30.649057',1),(1259,'十九街社区图书室','图书馆',6,'红钢城十九街社区','青山区',14,23,23,0,0,0,0,'114.407297','30.643644',1),(1260,'石化社区图书室','图书馆',6,'青山镇街石化社区','青山区',14,42,42,0,0,0,0,'','',0),(1261,'铁铺岭社区图书室','图书馆',6,'厂前街铁铺岭社区','青山区',14,12,12,0,0,0,0,'114.446874','30.616056',1),(1262,'通达社区图书室','图书馆',6,'冶金街通达社区','青山区',14,7,7,0,0,0,0,'114.40567','30.627307',1),(1263,'同兴社区图书室','图书馆',6,'白玉山街同兴社区','青山区',14,12,12,0,0,0,0,'114.307615','30.594633',1),(1264,'温馨图书室','图书馆',6,'武东街船机社区','青山区',14,48,48,0,0,0,0,'114.471858','30.587814',1),(1265,'五一村图书室','图书馆',6,'白玉山街五一社区','青山区',14,10,10,0,0,0,0,'114.475003','30.631679',1),(1266,'武东分馆','图书馆',6,'471厂俱乐部内','青山区',14,300,300,0,0,0,0,'114.46007','30.591951',1),(1267,'武东社区图书室','图书馆',6,'武东街武东社区','青山区',14,4,4,0,0,0,0,'114.472161','30.588076',1),(1268,'现代花园社区图书室','图书馆',6,'冶金街现代花园社区','青山区',14,4,4,0,0,0,0,'114.412281','30.624522',1),(1269,'欣城社区图书室','图书馆',6,'冶金街欣城社区','青山区',14,25,25,0,0,0,0,'114.41057','30.630305',1),(1270,'新桥社区图书室','图书馆',6,'新沟桥街新桥社区','青山区',14,5,5,0,0,0,0,'114.403833','30.639017',1),(1271,'馨园社区图书室','图书馆',6,'新沟桥街馨园社区','青山区',14,5,5,0,0,0,0,'114.408333','30.640985',1),(1272,'星光社区图书角','图书馆',6,'工人村街星光社区','青山区',14,9,9,0,0,0,0,'114.432395','30.645487',1),(1273,'兴中社区图书室','图书馆',6,'武东街兴中社区','青山区',14,33,33,0,0,0,0,'114.468518','30.584098',1),(1274,'园林图书室','图书馆',6,'钢都管委会园林社区','青山区',14,18,18,0,0,0,0,'','',0),(1275,'悦达社区图书室','图书馆',6,'冶金街悦达社区','青山区',14,2,2,0,0,0,0,'114.405257','30.625503',1),(1276,'智慧之光','图书馆',6,'武东街航舵社区','青山区',14,66,66,0,0,0,0,'114.465675','30.596318',1),(1277,'铸煅图书室','图书馆',6,'武东街铸煅社区','青山区',14,15,15,0,0,0,0,'114.472161','30.588076',1),(1278,'武昌区图书馆','图书流通车',4,'武汉市武昌区三道街106号','武昌区',5,2510,500,0,0,0,0,'114.313026','30.551608',1),(1279,'中国人民武装警察部队武汉市消防支队天门墩中队','图书流通车',4,'武汉市江汉区前三眼桥','江汉区',10,50,50,0,0,0,0,'114.284663','30.61104',1),(1280,'万松街武展社区','图书流通车',4,'武汉市江汉区万松街','江汉区',10,50,50,0,0,0,0,'114.275349','30.588376',1),(1281,'中国人民武装警察部队武汉市支队二大队五中队','图书流通车',4,'武汉市江汉区江达路','江汉区',10,50,50,0,0,0,0,'114.238172','30.625136',1),(1282,'湖北省汉口监狱一监区','图书流通车',4,'武汉市江汉区江达路','江汉区',10,25,25,0,0,0,0,'114.238172','30.625136',1),(1283,'湖北省汉口监狱教育科','图书流通车',4,'武汉市江汉区江达路','江汉区',10,25,25,0,0,0,0,'114.238172','30.625136',1),(1284,'中国人民武装警察部队武汉市支队五大队第十三中队','图书流通车',4,'武汉市江汉区建设大道','江汉区',10,100,100,0,0,0,0,'114.29385','30.614113',1),(1285,'花楼街苗家社区','图书流通车',4,'武汉市江汉区花楼街','江汉区',10,33,33,0,0,0,0,'114.295999','30.579084',1),(1286,'武汉市交管局政治部','图书流通车',4,'武汉市江汉区发展大道','江汉区',10,50,50,0,0,0,0,'114.285167','30.626556',1),(1287,'武汉市江汉区民意街舞台社区居民委员会','图书流通车',4,'武汉市江汉区友谊路','江汉区',10,150,150,0,0,0,0,'114.288794','30.581117',1),(1288,'唐家墩天门墩社区','图书流通车',4,'武汉市江汉区香江路','江汉区',10,50,50,0,0,0,0,'114.284663','30.61104',1),(1289,'武汉市江汉区万松街居家养老服务中心','图书流通车',4,'武汉市江汉区万松街','江汉区',10,50,50,0,0,0,0,'114.283576','30.596148',1),(1290,'武汉市女子强制戒毒所','图书流通车',4,'武汉市江汉区罗家嘴','江汉区',10,50,50,0,0,0,0,'114.273182','30.645671',1),(1291,'武汉市江汉区社会福利院','图书流通车',4,'武汉市江汉区常腾街','江汉区',10,100,100,0,0,0,0,'114.245297','30.615854',1),(1292,'武汉市公安局法制支队','图书流通车',4,'武汉市江汉区发展大道','江汉区',10,50,50,0,0,0,0,'114.285167','30.626556',1),(1293,'武汉市人民检察院团委','图书流通车',4,'武汉市江岸区云林街','江岸区',9,50,50,0,0,0,0,'114.284978','30.60113',1),(1294,'武汉市消防支队','图书流通车',4,'武汉市江汉区姑嫂树','江汉区',10,333,333,0,0,0,0,'114.261292','30.644019',1),(1295,'法泗镇文化站','图书流通车',4,'武汉市江夏区法泗街','江夏区',8,33,33,0,0,0,0,'','',0),(1296,'五里界街锦绣村','图书流通车',4,'武汉市江夏区幸福港路','江夏区',8,33,33,0,0,0,0,'114.38556','30.342529',1),(1297,'安山镇株山村','图书流通车',4,'武汉市江夏区安山镇株山村','江夏区',8,33,33,0,0,0,0,'','',0),(1298,'武汉市军队离休退休干部第三服务管理中心','图书流通车',4,'武汉市硚口区解放大道','硚口区',12,50,50,0,0,0,0,'114.274193','30.586386',1),(1299,'宗关街发展社区','图书流通车',4,'武汉市硚口区宗关街','硚口区',12,50,50,0,0,0,0,'114.231026','30.588053',1),(1300,'武汉市军队离休退休干部青年路休养所','图书流通车',4,'武汉市硚口区青年路','硚口区',12,50,50,0,0,0,0,'114.269627','30.605489',1),(1301,'汉水桥街皮子街社区','图书流通车',4,'武汉市硚口区人寿路','硚口区',12,50,50,0,0,0,0,'114.252605','30.579963',1),(1302,'武汉市硚口区长丰街丰竹园社区居民委员会','图书流通车',4,'武汉市硚口区发展大道','硚口区',12,50,50,0,0,0,0,'','',0),(1303,'武汉市硚口区韩家墩街办事处云鹤社区居民委员会','图书流通车',4,'武汉市硚口区韩家墩街','硚口区',12,50,50,0,0,0,0,'114.222197','30.593455',1),(1304,'中国人民解放军空军汉口王家墩离职干部休养所','图书流通车',4,'武汉市硚口区建设大道','硚口区',12,100,100,0,0,0,0,'114.267116','30.593747',1),(1305,'武汉市硚口区宗关街新合社区居民委员会','图书流通车',4,'武汉市硚口区宗关街新合社区','硚口区',12,50,50,0,0,0,0,'114.230105','30.589321',1),(1306,'武汉市硚口区社会福利院','图书流通车',4,'武汉市硚口区解放大道','硚口区',12,100,100,0,0,0,0,'114.274193','30.586386',1),(1307,'武汉市硚口区宝丰街办事处公路社区居民委员会','图书流通车',4,'武汉市硚口区解放大道','硚口区',12,50,50,0,0,0,0,'114.269032','30.583366',1),(1308,'中国人民武装警察部队武汉市支队七大队十七中队','图书流通车',4,'武汉市武昌区临江大道','武昌区',5,100,100,0,0,0,0,'114.336067','30.601201',1),(1309,'武汉市新洲区辛冲镇虎山村人民调解委员会','图书流通车',4,'武汉市新洲区辛冲镇虎山村','新洲区',4,33,33,0,0,0,0,'114.827793','30.803799',1),(1310,'武警武汉市支队蔡甸中队','图书流通车',4,'蔡甸街','蔡甸区',13,358,358,0,0,0,0,'114.030707','30.582521',1),(1311,'消泗乡文化站','图书流通车',4,'湖北省武汉市蔡甸区消泗乡渔樵','蔡甸区',13,33,33,0,0,0,0,'113.782023','30.32341',1),(1312,'湖北省未成年犯管教所教育课','图书流通车',4,'湖北省武汉市蔡甸区军山','蔡甸区',13,33,33,0,0,0,0,'113.836655','30.441521',1),(1313,'奓山街星光村','图书流通车',4,'湖北省武汉市蔡甸区奓山街星光村','蔡甸区',13,33,33,0,0,0,0,'114.023133','30.460384',1),(1314,'东湖长天楼图书馆','图书流通车',4,'东湖生态旅游风景区','东湖生态旅游风景区',2,833,833,0,0,0,0,'114.385941','30.536512',1),(1315,'走马岭街青锋大队','图书流通车',4,'湖北省武汉市东西湖区走马岭街','东西湖区',3,33,33,0,0,0,0,'114.035905','30.655215',1),(1316,'慈惠街石榴红村','图书流通车',4,'湖北省武汉市东西湖区慈惠街','东西湖区',3,33,33,0,0,0,0,'114.085829','30.606027',1),(1317,'武汉市东西湖区常青花园第三社区居民委员会','图书流通车',4,'湖北省武汉市东西湖区四小区物业楼','东西湖区',3,100,100,0,0,0,0,'114.244609','30.64757',1),(1318,'武汉市第一收容教育所','图书流通车',4,'湖北省武汉市东西湖区二支沟','东西湖区',3,100,100,0,0,0,0,'114.064442','30.696775',1),(1319,'武汉市第一看守所','图书流通车',4,'湖北省武汉市东西湖区二支沟','东西湖区',3,100,100,0,0,0,0,'114.064442','30.696775',1),(1320,'武汉市东西湖区人民政府吴家山街开屏里社区居民委员会','图书流通车',4,'湖北省武汉市东西湖区二支沟','东西湖区',3,100,100,0,0,0,0,'114.154622','30.625423',1),(1321,'武汉市东西湖区常青花园第四社区居民委员会','图书流通车',4,'武汉市东西湖区常青花园21村','东西湖区',3,200,200,0,0,0,0,'114.244609','30.64757',1),(1322,'江堤街文化站','图书流通车',4,'武汉市汉阳区太子湖','汉阳区',7,33,33,0,0,0,0,'114.217592','30.547265',1),(1323,'武汉市汉阳区社会福利院','图书流通车',4,'武汉市汉阳区江城大道','汉阳区',7,100,100,0,0,0,0,'114.219077','30.515701',1),(1324,'湖北省琴断口监狱工会委员会','图书流通车',4,'武汉市汉阳区琴断口街汉米粮新村','汉阳区',7,100,100,0,0,0,0,'114.226516','30.56221',1),(1325,'中国人民武装警察部队武汉市支队七大队十六中队','图书流通车',4,'武汉市汉阳区莲花湖路','汉阳区',7,100,100,0,0,0,0,'114.284003','30.558826',1),(1326,'湖北省交通规划设计院工会委员会','图书流通车',4,'武汉市汉阳区郭茨口','汉阳区',7,100,100,0,0,0,0,'114.219651','30.580255',1),(1327,'中国人民解放军95227部队','图书流通车',4,'武汉市武昌区马家庄','洪山区',11,33,33,0,0,0,0,'114.353622','30.56486',1),(1328,'东湖高新交管大队三中队','图书流通车',4,'武汉市东湖高新区','洪山区',11,33,33,0,0,0,0,'114.008108','30.517026',1),(1329,'武汉市黄陂区罗汉街文化体育服务中心','图书流通车',4,'武汉市黄陂区罗汉街','黄陂区',15,33,33,0,0,0,0,'114.364644','30.985286',1),(1330,'武汉市黄陂区罗汉寺街道办事处金寨村村民委员会','图书流通车',4,'武汉市黄陂区罗汉街金寨村','黄陂区',15,33,33,0,0,0,0,'114.31397','30.95904',1),(1331,'武汉市黄陂区木兰乡柿子小学','图书流通车',4,'武汉市黄陂区木兰乡柿子集','黄陂区',15,100,100,0,0,0,0,'114.441172','31.151171',1),(1332,'木兰乡大余湾民俗文化村','图书流通车',4,'武汉市黄陂区木兰乡大余湾景区','黄陂区',15,100,100,0,0,0,0,'114.37893','31.03244',1),(1333,'空军预警学院士官学校','图书流通车',4,'武汉市黄陂区武湖农场','黄陂区',15,33,33,0,0,0,0,'114.430324','30.703758',1),(1334,'祁家湾张店村','图书流通车',4,'武汉市黄陂区祁家湾张店村','黄陂区',15,33,33,0,0,0,0,'114.240772','30.884108',1),(1335,'中华人民共和国武汉边防检查站政治处','图书流通车',4,'武汉市东方马城','黄陂区',15,100,100,0,0,0,0,'114.232356','30.638195',1),(1336,'武湖农场国强图书馆','图书流通车',4,'武汉市黄陂区武湖农场','黄陂区',15,33,33,0,0,0,0,'114.430324','30.703758',1),(1337,'中国人民解放军63981部队','图书流通车',4,'武汉市黄陂区滠口','黄陂区',15,33,33,0,0,0,0,'114.35987','30.720153',1),(1338,'武汉市第三十中学','图书流通车',4,'武汉市江岸区苗粟路','江岸区',9,100,100,0,0,0,0,'114.294518','30.600509',1),(1339,'中国人民解放军空军预警学院学员一旅一营委员会','图书流通车',4,'武汉市江岸区武汉大道','江岸区',9,50,50,0,0,0,0,'114.304678','30.624563',1),(1340,'中国人民解放军62101部队警卫连','图书流通车',4,'武汉市江岸区永清路路','江岸区',9,50,50,0,0,0,0,'114.306683','30.61695',1),(1341,'四唯街平安社区','图书流通车',4,'武汉市江岸区麟趾路','江岸区',9,150,150,0,0,0,0,'114.311214','30.610787',1),(1342,'武汉市江岸区社会福利院','图书流通车',4,'武汉市江岸区谌家矶','江岸区',9,100,100,0,0,0,0,'114.378347','30.682668',1),(1343,'江岸区交通大队一、二中队','图书流通车',4,'武汉市江岸区鄱阳路','江岸区',9,50,50,0,0,0,0,'','',0),(1344,'汉口江滩管理处','图书流通车',4,'武汉市江岸区沿江大道','江岸区',9,100,100,0,0,0,0,'114.311842','30.596758',1),(1345,'百步亭花园社区','图书流通车',4,'武汉市江岸区百步亭','江岸区',9,100,100,0,0,0,0,'114.325241','30.653021',1),(1346,'武汉市流浪未成年人救助保护中心社会工作科','图书流通车',4,'武汉市江岸区谌家矶','江岸区',9,50,50,0,0,0,0,'114.378347','30.682668',1),(1347,'武汉市纪委监察局','图书流通车',4,'武汉市江岸区新益路','江岸区',9,50,50,0,0,0,0,'114.332868','30.656091',1),(1348,'唐家墩办事处文化站','图书流通车',4,'武汉市江汉区香江路','江汉区',10,50,50,0,0,0,0,'114.277433','30.6233',1),(1349,'武汉市公安局江汉区分局唐家墩街派出所','图书流通车',4,'武汉市江汉区马场二路','江汉区',10,100,100,0,0,0,0,'114.170927','30.160685',1),(1350,'江汉区残联','图书流通车',4,'武汉市江汉区万松街','江汉区',10,333,333,0,0,0,0,'114.283576','30.596148',1),(1351,'万松街青松社区','图书流通车',4,'武汉市江汉区万松街','江汉区',10,100,100,0,0,0,0,'','',0),(1352,'红钢城表青少年空间等26个服务点','图书流通车',4,'青山区内','青山区',14,9000,9000,0,0,0,0,'114.407297','30.643644',1),(1353,'武汉图书馆','图书漂流点',5,'建设大道861号','江汉区',10,10,10,0,2380000,2830000,0,'','',0),(1354,'蔡甸区图书馆图书漂流点','图书漂流点',5,'蔡甸街汉阳大街129号','蔡甸区',13,1,1,0,0,0,0,'114.0424','30.582781',1),(1355,'柏泉新苑社区漂流点','图书漂流点',5,'柏泉新苑社区','东西湖区',3,0,0,0,0,0,0,'114.131776','30.732507',1),(1356,'常青花园图书漂流点','图书漂流点',5,'常青花园','东西湖区',3,0,0,0,0,0,0,'114.244609','30.64757',1),(1357,'慈惠街文化站图书漂流点','图书漂流点',5,'慈惠街','东西湖区',3,0,0,0,0,0,0,'114.085829','30.606027',1),(1358,'东山卫东大队漂流点','图书漂流点',5,'东山卫东大队','东西湖区',3,0,0,0,0,0,0,'114.032892','30.776816',1),(1359,'将军路街漂流点','图书漂流点',5,'将军路街办事处','东西湖区',3,0,0,0,0,0,0,'114.262655','30.656149',1),(1360,'金银湖碧海社区漂流点','图书漂流点',5,'金银湖碧海社区','东西湖区',3,0,0,0,0,0,0,'114.215629','30.645602',1),(1361,'径河民田社区漂流点','图书漂流点',5,'径河民田社区','东西湖区',3,0,0,0,0,0,0,'114.17426','30.659028',1),(1362,'吴家山街漂流点','图书漂流点',5,'吴家山街办事处','东西湖区',3,0,0,0,0,0,0,'114.149933','30.626761',1),(1363,'辛安渡办事处漂流点','图书漂流点',5,'辛安渡办事处','东西湖区',3,0,0,0,0,0,0,'113.940564','30.745159',1),(1364,'新沟镇街漂流点','图书漂流点',5,'新沟镇办事处','东西湖区',3,0,0,0,0,0,0,'114.156927','30.62439',1),(1365,'长青街革新社区漂流点','图书漂流点',5,'长青街革新社区','东西湖区',3,0,0,0,0,0,0,'114.284898','30.6335',1),(1366,'走马岭街图书漂流点','图书漂流点',5,'走马岭街办事处','东西湖区',3,0,0,0,0,0,0,'114.035905','30.655215',1),(1367,'武汉图书馆','移动图书馆',9,'建设大道861号','江汉区',10,301750,301750,0,2380000,2830000,0,'114.288266','30.609073',1),(1368,'东西湖区图书馆','图书馆',6,'','东西湖区',3,0,0,0,256000,196177,0,'','',0),(1369,'汉南区图书馆','图书馆',6,'','武汉经济技术开发区（汉南区）',6,0,0,0,128500,115000,0,'','',0),(1370,'武汉市汉南区东城垸中心小学','图书馆',6,'','武汉经济技术开发区（汉南区）',6,0,0,0,6586,5000,0,'','',0),(1371,'汉南区纱帽山小学','图书馆',6,'','武汉经济技术开发区（汉南区）',6,0,0,0,21018,5613,0,'','',0),(1372,'经开区(汉南区）东荆街综合文体站','图书馆',6,'','武汉经济技术开发区（汉南区）',6,0,0,0,5600,2000,0,'','',0),(1373,'月亮湾社区','图书馆',6,'','武汉经济技术开发区（汉南区）',6,0,0,0,3000,530,0,'','',0),(1374,'邓南街综合文体站','图书馆',6,'','武汉经济技术开发区（汉南区）',6,0,0,0,3000,1010,0,'','',0),(1375,'汉南区武警中队','图书馆',6,'','武汉经济技术开发区（汉南区）',6,0,0,0,1020,685,0,'','',0),(1376,'汉阳区图书馆','图书馆',6,'','汉阳区',7,0,0,0,19000,177000,0,'','',0),(1377,'黄陂区图书馆','图书馆',6,'','黄陂区',15,0,0,0,167427,136624,0,'','',0),(1378,'武汉音乐学院培训学院后湖基地','图书馆',6,'','江岸区',9,0,0,0,2500,500,0,'','',0),(1379,'江岸区万锦幼儿园','图书馆',6,'','江岸区',9,0,0,0,15000,0,0,'','',0),(1380,'江岸区石桥社区','图书馆',6,'','江岸区',9,0,0,0,3000,600,0,'','',0),(1381,'天津社区图书馆','图书馆',6,'','江岸区',9,0,0,0,800,0,0,'','',0),(1382,'武汉阳光谊通管理股份有限公司','图书馆',6,'','江岸区',9,0,0,0,15000,13000,0,'','',0),(1383,'武警部队武汉市支队第十一中队','图书馆',6,'','江岸区',9,0,0,0,450,80,0,'','',0),(1384,'武警武汉支队江岸中队','图书馆',6,'','江岸区',9,0,0,0,2500,620,0,'','',0),(1385,'武警武汉支队十二中队','图书馆',6,'','江岸区',9,0,0,0,2000,516,0,'','',0),(1386,'武警部队武汉市支队十四中队','图书馆',6,'','江汉区',10,0,0,0,600,386,0,'','',0),(1387,'武警部队武汉市支队江汉区看守所驻警中队','图书馆',6,'','江汉区',10,0,0,0,1000,600,0,'','',0),(1388,'武警部队武汉市消防支队青年路中队','图书馆',6,'','江汉区',10,0,0,0,2000,553,0,'','',0),(1389,'白玉山街办事处','图书馆',6,'','青山区',14,0,0,0,18903,1000,0,'','',0),(1390,'武汉市青山区工人村街办事处','图书馆',6,'','青山区',14,0,0,0,500,65,0,'','',0),(1391,'青山区钢都花园管理委员会','图书馆',6,'','青山区',14,0,0,0,10000,2000,0,'','',0),(1392,'青山区人民政府厂前街办事处','图书馆',6,'','青山区',14,0,0,0,3569,300,0,'','',0),(1393,'新沟桥街办事处','图书馆',6,'','青山区',14,0,0,0,2076,30,0,'','',0),(1394,'武东街办事处','图书馆',6,'','青山区',14,0,0,0,10000,300,0,'','',0),(1395,'钢花村街办事处','图书馆',6,'','青山区',14,0,0,0,3000,100,0,'','',0),(1396,'青山区红钢城街办事处','图书馆',6,'','青山区',14,0,0,0,986,220,0,'','',0),(1397,'青山镇街办事处','图书馆',6,'','青山区',14,0,0,0,2000,918,0,'','',0),(1398,'青山区冶金街办事处','图书馆',6,'','青山区',14,0,0,0,10000,5000,0,'','',0),(1399,'青山区红卫路街办事处青少年教育办公室','图书馆',6,'','青山区',14,0,0,0,0,0,0,'','',0),(1400,'武汉市武昌区图书馆','图书馆',6,'','武昌区',5,0,0,0,390000,160000,0,'','',0),(1401,'湖北大学图书馆','图书馆',6,'','武昌区',5,0,0,0,2305800,1560000,0,'','',0),(1402,'武汉大学图书馆','图书馆',6,'','武昌区',5,0,0,0,5929213,3360415,0,'','',0),(1403,'武昌区棋盘街小学','图书馆',6,'','武昌区',5,0,0,0,33019,30000,0,'','',0),(1404,'杨园街电力新村社区','图书馆',6,'','武昌区',5,0,0,0,3000,1760,0,'','',0),(1405,'读书社区（黄鹤楼）','图书馆',6,'','武昌区',5,0,0,0,3000,260,0,'','',0),(1406,'武昌区环保局','图书馆',6,'','武昌区',5,0,0,0,450,80,0,'','',0),(1407,'武警湖北总区医院','图书馆',6,'','武昌区',5,0,0,0,2000,30,0,'','',0),(1408,'新洲区民政局','图书馆',6,'','新洲区',4,0,0,0,326,121,0,'','',0),(1409,'新洲区房产服务中心','图书馆',6,'','新洲区',4,0,0,0,2000,50,0,'','',0),(1410,'新洲区城市建设局','图书馆',6,'','新洲区',4,0,0,0,3742,100,0,'','',0),(1411,'新洲区教育局','图书馆',6,'','新洲区',4,0,0,0,5770,60,0,'','',0),(1412,'新洲区总工会','图书馆',6,'','新洲区',4,0,0,0,1500,260,0,'','',0),(1413,'新洲区卫计委','图书馆',6,'','新洲区',4,0,0,0,3000,70,0,'','',0),(1414,'新洲区环保局','图书馆',6,'','新洲区',4,0,0,0,80,0,0,'','',0),(1415,'新洲区残联','图书馆',6,'','新洲区',4,0,0,0,3000,80,0,'','',0);

#
# Structure for table "re_library_type"
#

CREATE TABLE `re_library_type` (
  `id` int(11) NOT NULL AUTO_INCREMENT,
  `name` varchar(45) NOT NULL DEFAULT '' COMMENT '类型名称',
  `icon` varchar(45) NOT NULL DEFAULT '' COMMENT 'icon名称',
  `state` int(1) unsigned NOT NULL DEFAULT '0' COMMENT '合法标记：0：初始化数据，1：合法数据',
  PRIMARY KEY (`id`)
) ENGINE=InnoDB AUTO_INCREMENT=16 DEFAULT CHARSET=utf8 COMMENT='图书馆类型';

#
# Data for table "re_library_type"
#

INSERT INTO `re_library_type` VALUES (1,'24小时自助图书馆','readBookIcon02',1),(2,'书屋','readBookIcon04',1),(3,'书店','readBookIcon03',1),(4,'图书流通车','readBookIcon07',1),(5,'图书漂流点','readBookIcon08',1),(6,'图书馆','readBookIcon01',1),(7,'地铁图书馆','',0),(8,'报刊亭','readBookIcon06',1),(9,'移动图书馆','readBookIcon05',1);

#
# Structure for table "re_norm"
#

CREATE TABLE `re_norm` (
  `id` int(11) NOT NULL AUTO_INCREMENT,
  `name` varchar(45) NOT NULL DEFAULT '' COMMENT '名称',
  `code` char(1) NOT NULL DEFAULT '' COMMENT '值',
  `norm` varchar(45) NOT NULL DEFAULT '' COMMENT '指标',
  `state` int(1) unsigned NOT NULL DEFAULT '0' COMMENT '合法标记：0：初始化数据，1：合法数据',
  PRIMARY KEY (`id`),
  KEY `code` (`code`,`norm`)
) ENGINE=InnoDB AUTO_INCREMENT=128 DEFAULT CHARSET=utf8 COMMENT='指标规范';

#
# Data for table "re_norm"
#

INSERT INTO `re_norm` VALUES (1,'男','A','性别',1),(2,'女','B','性别',1),(3,'小学及以下','A','教育水平',1),(4,'初中','B','教育水平',1),(5,'高中、中专','C','教育水平',1),(6,'大专','D','教育水平',1),(7,'本科','E','教育水平',1),(8,'硕士','F','教育水平',1),(9,'博士及以上','G','教育水平',1),(10,'国家机关、党群组织、企业、事业单位负责人','A','职业',1),(11,'专业技术人员','B','职业',1),(12,'办事人员和有关人员','C','职业',1),(13,'商业、服务业人员','D','职业',1),(14,'农、林、牧、渔、水利业生产人员','E','职业',1),(15,'生产、运输设备操作人员及有关人员','F','职业',1),(16,'军人','G','职业',1),(17,'学生','H','职业',1),(18,'不便分类的其他从业人员','I','职业',1),(19,'知道','A','是否知道阅读活动',1),(20,'不知道','B','是否知道阅读活动',1),(21,'十分重要','A','如何看待阅读活动',1),(22,'比较重要','B','如何看待阅读活动',1),(23,'一般','C','如何看待阅读活动',1),(24,'不重要','D','如何看待阅读活动',1),(25,'可有可无','E','如何看待阅读活动',1),(26,'不购买','A','年购书费用',1),(27,'50元以下','B','年购书费用',1),(28,'51~200元','C','年购书费用',1),(29,'201~500元','D','年购书费用',1),(30,'500元以上','E','年购书费用',1),(31,'不购买','A','年购书量',1),(32,'2本以下','B','年购书量',1),(33,'2~10本','C','年购书量',1),(34,'11~20本','D','年购书量',1),(35,'20本以上','E','年购书量',1),(36,'非常不满意','A','公共阅读设施硬件满意度',0),(37,'比较不满意','B','公共阅读设施硬件满意度',0),(38,'刚好满意','C','公共阅读设施硬件满意度',0),(39,'比较满意','D','公共阅读设施硬件满意度',0),(40,'非常满意','E','公共阅读设施硬件满意度',0),(41,'非常不满意','A','公共阅读设施文献资源满意度',0),(42,'比较不满意','B','公共阅读设施文献资源满意度',0),(43,'刚好满意','C','公共阅读设施文献资源满意度',0),(44,'比较满意','D','公共阅读设施文献资源满意度',0),(45,'非常满意','E','公共阅读设施文献资源满意度',0),(46,'非常不满意','A','公共阅读设施阅读环境满意度',0),(47,'比较不满意','B','公共阅读设施阅读环境满意度',0),(48,'刚好满意','C','公共阅读设施阅读环境满意度',0),(49,'比较满意','D','公共阅读设施阅读环境满意度',0),(50,'非常满意','E','公共阅读设施阅读环境满意度',0),(51,'非常不满意','A','公共阅读设施服务态度满意度',0),(52,'比较不满意','B','公共阅读设施服务态度满意度',0),(53,'刚好满意','C','公共阅读设施服务态度满意度',0),(54,'比较满意','D','公共阅读设施服务态度满意度',0),(55,'非常满意','E','公共阅读设施服务态度满意度',0),(56,'公共图书馆-市级图书馆','A','单位类型',0),(57,'公共图书馆-区级图书馆','B','单位类型',0),(58,'公共图书馆-少儿图书馆','C','单位类型',0),(59,'学校图书馆','D','单位类型',0),(60,'街道/社区图书馆','E','单位类型',0),(61,'企业图书馆','F','单位类型',0),(62,'机关部门/事业单位图书馆','G','单位类型',0),(63,'军警营图书馆/室','H','单位类型',0),(64,'农家书屋','I','单位类型',0),(65,'其他','J','单位类型',0),(66,'是机关部门/事业单位干部及职工','A','活动层面',0),(67,'学校学生','B','活动层面',0),(68,'农民群众','C','活动层面',0),(69,'企业职工','D','活动层面',0),(70,'社区居民','E','活动层面',0);

#
# Structure for table "re_question"
#

CREATE TABLE `re_question` (
  `id` int(11) NOT NULL AUTO_INCREMENT,
  `sex` char(1) NOT NULL DEFAULT '' COMMENT '性别：A男性 B女性',
  `born_year` year(4) NOT NULL DEFAULT '0000' COMMENT '出生年份',
  `age` int(11) unsigned NOT NULL DEFAULT '0' COMMENT '年龄',
  `age_scope` varchar(45) NOT NULL DEFAULT '' COMMENT '年龄区间',
  `education` char(1) NOT NULL DEFAULT '' COMMENT '教育水平',
  `occupation` char(1) NOT NULL DEFAULT '' COMMENT '职业',
  `area` varchar(45) NOT NULL DEFAULT '' COMMENT '行政区',
  `area_id` int(11) unsigned NOT NULL DEFAULT '0' COMMENT '行政区划ID',
  `isknow` char(1) NOT NULL DEFAULT '' COMMENT '是否值得阅读活动，A:不知道，B：知道',
  `opinion` char(1) NOT NULL DEFAULT '' COMMENT '如何看待阅读活动',
  `cost` char(1) NOT NULL DEFAULT '' COMMENT '年购书花费',
  `buy_num` char(1) NOT NULL DEFAULT '0' COMMENT '年购书数量',
  `condition` int(11) unsigned NOT NULL DEFAULT '0' COMMENT '公共阅读设施硬件满意度',
  `resource` int(11) unsigned NOT NULL DEFAULT '0' COMMENT '公共阅读设施文献资源满意度',
  `environment` int(11) unsigned NOT NULL DEFAULT '0' COMMENT '公共阅读设施阅读环境满意度',
  `service` int(11) unsigned NOT NULL DEFAULT '0' COMMENT '公共阅读设施服务态度满意度',
  `info` varchar(255) NOT NULL DEFAULT '' COMMENT '备注',
  `state` int(1) unsigned NOT NULL DEFAULT '0' COMMENT '合法标记：0：初始化数据，1：合法数据',
  PRIMARY KEY (`id`)
) ENGINE=InnoDB AUTO_INCREMENT=1024 DEFAULT CHARSET=utf8 COMMENT='问卷';

#
# Data for table "re_question"
#

INSERT INTO `re_question` VALUES (1,'B',1985,31,'31-40岁','D','E','硚口区',12,'A','B','B','B',3,3,3,3,'',1),(2,'B',1962,54,'51-60岁','D','E','硚口区',12,'A','A','B','B',4,4,4,4,'',1),(3,'B',1997,19,'20岁以下','C','H','硚口区',12,'A','B','B','B',3,4,4,5,'',1),(4,'B',1976,40,'31-40岁','D','D','硚口区',12,'A','A','C','C',3,4,4,5,'',1),(5,'B',1970,46,'41-50岁','D','D','硚口区',12,'A','A','C','C',4,4,4,5,'',1),(6,'B',1984,32,'31-40岁','E','D','硚口区',12,'A','A','C','C',4,4,4,5,'',1),(7,'B',1979,37,'31-40岁','D','D','硚口区',12,'A','A','A','A',3,3,3,3,'',1),(8,'B',1976,40,'31-40岁','D','D','硚口区',12,'A','B','A','A',3,3,3,3,'',1),(9,'B',1983,33,'31-40岁','D','D','硚口区',12,'A','B','A','A',3,3,3,3,'',1),(10,'B',1982,34,'31-40岁','D','C','硚口区',12,'A','B','A','A',3,3,3,3,'',1),(11,'B',1980,36,'31-40岁','E','A','江汉区',10,'A','A','A','A',1,1,1,1,'',1),(12,'B',1979,37,'31-40岁','E','A','硚口区',12,'A','B','A','A',1,1,1,1,'',1),(13,'B',1968,48,'41-50岁','E','C','江汉区',10,'A','A','C','C',2,5,4,5,'',1),(14,'B',1968,48,'41-50岁','E','B','硚口区',12,'A','A','E','C',3,3,3,4,'',1),(15,'B',2000,16,'20岁以下','C','H','硚口区',12,'A','B','D','D',1,1,1,1,'',1),(16,'B',1958,58,'51-60岁','C','B','硚口区',12,'A','A','A','A',1,1,1,1,'',1),(17,'B',1968,48,'41-50岁','C','I','硚口区',12,'B','A','A','A',4,4,4,4,'',1),(18,'B',1963,53,'51-60岁','C','I','硚口区',12,'A','A','A','A',1,1,1,1,'',1),(19,'B',1973,43,'41-50岁','D','C','硚口区',12,'A','A','C','D',3,4,4,5,'',1),(20,'B',1993,23,'21-30岁','E','B','江岸区',9,'B','B','B','B',4,4,5,5,'',1),(21,'B',1949,67,'61-70岁','C','F','硚口区',12,'B','A','A','A',1,1,1,1,'',1),(22,'B',1960,56,'51-60岁','D','I','江汉区',10,'A','A','A','A',1,2,2,1,'',1),(23,'B',1990,26,'21-30岁','E','C','江汉区',10,'A','A','C','C',1,1,1,1,'',1),(24,'B',1982,34,'31-40岁','D','C','硚口区',12,'A','B','C','C',2,3,4,4,'',1),(25,'B',1990,26,'21-30岁','D','C','硚口区',12,'A','C','C','C',4,4,5,4,'',1),(26,'B',1995,21,'21-30岁','E','H','硚口区',12,'B','B','C','C',5,5,5,5,'',1),(27,'B',1981,35,'31-40岁','E','D','硚口区',12,'A','D','C','C',4,4,4,4,'',1),(28,'B',1990,26,'21-30岁','F','H','硚口区',12,'A','A','D','D',2,3,4,3,'',1),(29,'B',1964,52,'51-60岁','C','I','汉阳区',7,'A','A','A','A',1,1,1,1,'',1),(30,'B',1973,43,'41-50岁','D','C','江汉区',10,'A','A','A','A',1,1,1,1,'',1),(31,'A',1970,46,'41-50岁','E','A','江汉区',10,'A','A','D','B',4,2,3,4,'',1),(32,'A',1946,70,'61-70岁','C','A','硚口区',12,'A','A','C','B',4,4,4,5,'',1),(33,'A',1971,45,'41-50岁','E','D','硚口区',12,'A','D','D','D',2,4,5,5,'',1),(34,'A',1978,38,'31-40岁','D','B','硚口区',12,'A','A','C','C',3,4,5,5,'',1),(35,'A',1958,58,'51-60岁','C','C','硚口区',12,'A','B','B','B',4,4,4,5,'',1),(36,'A',1969,47,'41-50岁','D','I','汉阳区',7,'B','A','A','A',4,4,4,4,'',1),(37,'A',1974,42,'41-50岁','D','D','硚口区',12,'A','B','C','C',4,4,4,4,'',1),(38,'A',1985,31,'31-40岁','E','B','硚口区',12,'A','B','C','C',3,4,4,4,'',1),(39,'A',1968,48,'41-50岁','D','C','硚口区',12,'A','A','C','C',5,5,5,5,'',1),(40,'A',1941,75,'70岁以上','B','I','硚口区',12,'B','C','A','A',2,2,2,2,'',1),(41,'A',1968,48,'41-50岁','F','A','硚口区',12,'A','A','D','D',5,5,5,5,'',1),(42,'A',1953,63,'61-70岁','B','I','硚口区',12,'A','B','A','A',2,2,2,2,'',1),(43,'A',1986,30,'21-30岁','C','B','汉阳区',7,'A','A','C','C',5,5,5,5,'',1),(44,'A',1978,38,'31-40岁','D','C','硚口区',12,'A','B','B','B',2,3,4,3,'',1),(45,'A',1982,34,'31-40岁','D','C','江汉区',10,'A','A','A','A',3,3,3,3,'',1),(46,'A',1977,39,'31-40岁','D','C','硚口区',12,'B','B','A','A',1,1,1,1,'',1),(47,'A',1976,40,'31-40岁','E','C','汉阳区',7,'A','B','B','B',5,5,5,5,'',1),(48,'A',1978,38,'31-40岁','D','C','硚口区',12,'A','B','B','B',5,5,5,5,'',1),(49,'A',1968,48,'41-50岁','D','A','硚口区',12,'A','A','A','A',3,4,4,5,'',1),(50,'A',1982,34,'31-40岁','E','G','硚口区',12,'A','A','C','C',3,4,4,5,'',1),(51,'A',1986,30,'21-30岁','E','I','硚口区',12,'A','A','C','C',3,4,4,5,'',1),(52,'A',1998,18,'20岁以下','C','C','硚口区',12,'A','A','C','C',4,4,4,5,'',1),(53,'A',1974,42,'41-50岁','D','D','硚口区',12,'A','A','C','C',4,3,3,4,'',1),(54,'A',1982,34,'31-40岁','D','D','硚口区',12,'A','A','D','D',4,4,4,5,'',1),(55,'A',1980,36,'31-40岁','E','D','硚口区',12,'B','B','A','A',3,3,3,3,'',1),(56,'A',1983,33,'31-40岁','E','D','硚口区',12,'A','B','A','A',3,3,3,3,'',1),(57,'A',1982,34,'31-40岁','E','D','硚口区',12,'A','B','A','A',5,5,5,5,'',1),(58,'A',1981,35,'31-40岁','D','D','硚口区',12,'A','B','A','A',1,1,1,1,'',1),(59,'A',1940,76,'70岁以上','A','E','硚口区',12,'B','B','A','A',2,2,2,2,'',1),(60,'A',1955,61,'61-70岁','C','A','硚口区',12,'A','A','C','B',4,4,5,5,'',1),(61,'A',1974,42,'41-50岁','C','I','硚口区',12,'A','B','D','D',5,5,3,5,'',1),(62,'A',1971,45,'41-50岁','E','B','硚口区',12,'A','A','D','E',4,4,5,5,'',1),(63,'A',1950,66,'61-70岁','C','A','硚口区',12,'A','A','C','C',1,1,1,1,'',1),(64,'A',1948,68,'61-70岁','D','A','硚口区',12,'A','A','C','C',1,1,1,1,'',1),(65,'A',1960,56,'51-60岁','D','D','硚口区',12,'A','A','A','A',1,1,1,1,'',1),(66,'A',1995,21,'21-30岁','E','I','硚口区',12,'A','A','A','A',1,1,1,1,'',1),(67,'A',1945,71,'70岁以上','B','A','硚口区',12,'A','A','A','A',1,1,1,1,'',1),(68,'A',1962,54,'51-60岁','B','I','硚口区',12,'A','A','A','A',1,1,1,1,'',1),(69,'A',1940,76,'70岁以上','B','I','硚口区',12,'B','A','A','A',3,3,3,3,'',1),(70,'A',1988,28,'21-30岁','E','I','硚口区',12,'A','A','A','A',1,1,1,1,'',1),(71,'A',1953,63,'61-70岁','B','I','硚口区',12,'A','A','A','A',1,1,1,1,'',1),(72,'A',1964,52,'51-60岁','C','F','硚口区',12,'A','B','B','B',4,4,4,5,'',1),(73,'A',1990,26,'21-30岁','E','B','硚口区',12,'A','A','C','C',3,5,5,5,'',1),(74,'A',1959,57,'51-60岁','C','E','硚口区',12,'A','A','C','D',4,4,4,5,'',1),(75,'A',1958,58,'51-60岁','C','D','硚口区',12,'A','B','A','A',3,3,3,4,'',1),(76,'A',1976,40,'31-40岁','E','A','硚口区',12,'A','A','C','B',1,1,1,1,'',1),(77,'A',1951,65,'61-70岁','C','I','青山区',14,'B','A','A','A',1,1,1,1,'',1),(78,'A',1948,68,'61-70岁','C','I','江岸区',9,'A','C','D','E',5,5,5,5,'',1),(79,'A',1980,36,'31-40岁','E','I','硚口区',12,'A','A','D','C',2,4,4,4,'',1),(80,'A',1975,41,'41-50岁','D','D','硚口区',12,'A','B','E','E',3,2,4,5,'',1),(81,'A',1947,69,'61-70岁','B','I','硚口区',12,'A','B','C','C',1,1,1,1,'',1),(82,'A',1962,54,'51-60岁','C','C','硚口区',12,'A','B','B','B',4,4,4,4,'',1),(83,'A',1972,44,'41-50岁','D','D','硚口区',12,'A','A','B','C',4,4,4,5,'',1),(84,'A',1964,52,'51-60岁','C','F','硚口区',12,'B','B','B','B',3,3,3,3,'',1),(85,'A',1955,61,'61-70岁','C','A','硚口区',12,'A','A','C','C',4,4,5,5,'',1),(86,'A',1980,36,'31-40岁','D','C','硚口区',12,'A','B','A','A',4,4,4,4,'',1),(87,'B',2000,16,'20岁以下','C','H','硚口区',12,'A','B','C','B',3,4,4,5,'',1),(88,'B',1995,21,'21-30岁','E','H','硚口区',12,'A','A','B','B',4,4,4,5,'',1),(89,'B',1997,19,'20岁以下','D','H','江汉区',10,'A','B','C','C',1,1,1,1,'',1),(90,'B',1950,66,'61-70岁','B','I','硚口区',12,'B','A','A','A',3,3,3,3,'',1),(91,'B',1987,29,'21-30岁','E','C','硚口区',12,'A','A','B','B',3,3,4,4,'',1),(92,'B',1973,43,'41-50岁','D','D','硚口区',12,'A','B','A','A',5,5,4,5,'',1),(93,'B',1972,44,'41-50岁','E','I','江汉区',10,'A','A','C','C',5,4,5,5,'',1),(94,'B',1965,51,'51-60岁','E','B','汉阳区',7,'A','A','A','A',1,2,1,1,'',1),(95,'B',1978,38,'31-40岁','D','D','硚口区',12,'A','B','A','A',1,1,1,1,'',1),(96,'B',1981,35,'31-40岁','D','C','硚口区',12,'A','B','C','C',5,5,5,5,'',1),(97,'B',1974,42,'41-50岁','D','C','硚口区',12,'A','A','C','C',5,5,5,5,'',1),(98,'B',1977,39,'31-40岁','E','C','硚口区',12,'A','A','B','B',5,5,5,5,'',1),(99,'B',1977,39,'31-40岁','D','C','硚口区',12,'A','A','C','C',5,5,5,5,'',1),(100,'B',0000,0,'','E','C','青山区',14,'A','A','B','C',4,4,4,4,'',1),(101,'A',1985,31,'31-40岁','E','D','蔡甸区',13,'A','A','C','C',4,4,4,4,'',1),(102,'A',1972,44,'41-50岁','E','A','武昌区',5,'A','A','D','D',5,5,5,5,'',1),(103,'B',1989,27,'21-30岁','E','C','武昌区',5,'A','A','C','C',3,3,3,3,'',1),(104,'B',1990,26,'21-30岁','E','C','洪山区',11,'A','A','C','C',4,4,4,4,'',1),(105,'B',1979,37,'31-40岁','E','B','武昌区',5,'A','A','E','E',5,5,5,5,'',1),(106,'B',1967,49,'41-50岁','E','A','武昌区',5,'A','A','D','C',5,5,4,5,'',1),(107,'A',1980,36,'31-40岁','E','A','武昌区',5,'A','A','C','C',4,4,4,4,'',1),(108,'A',1970,46,'41-50岁','E','B','武昌区',5,'A','A','D','C',4,4,4,4,'',1),(109,'B',1990,26,'21-30岁','E','B','武昌区',5,'A','A','D','C',4,3,3,4,'',1),(110,'A',1974,42,'41-50岁','E','C','武昌区',5,'A','A','C','C',4,4,4,4,'',1),(111,'A',1977,39,'31-40岁','E','B','武昌区',5,'A','A','D','C',4,4,4,4,'',1),(112,'A',1970,46,'41-50岁','E','C','武昌区',5,'A','A','D','C',5,5,5,5,'',1),(113,'A',1964,52,'51-60岁','E','A','洪山区',11,'A','A','D','C',5,5,5,5,'',1),(114,'B',1987,29,'21-30岁','F','C','洪山区',11,'A','A','D','C',5,5,5,5,'',1),(115,'A',1991,25,'21-30岁','E','B','武昌区',5,'A','A','D','C',5,5,5,5,'',1),(116,'A',1976,40,'31-40岁','F','C','武昌区',5,'A','A','D','C',5,5,5,5,'',1),(117,'B',1980,36,'31-40岁','E','C','青山区',14,'A','A','D','C',5,5,5,5,'',1),(118,'A',1985,31,'31-40岁','E','C','武昌区',5,'A','A','E','D',5,5,5,5,'',1),(119,'B',1968,48,'41-50岁','F','A','武昌区',5,'A','A','D','C',5,5,5,5,'',1),(120,'A',1970,46,'41-50岁','E','A','武昌区',5,'A','A','D','C',5,5,5,5,'',1),(121,'A',1970,46,'41-50岁','F','B','武昌区',5,'A','A','D','C',5,5,5,5,'',1),(122,'B',1971,45,'41-50岁','E','B','武昌区',5,'A','A','D','C',4,4,4,4,'',1),(123,'B',1970,46,'41-50岁','E','B','武昌区',5,'A','B','C','C',4,4,3,3,'',1),(124,'B',1981,35,'31-40岁','E','B','武昌区',5,'A','B','C','D',4,4,3,3,'',1),(125,'B',1969,47,'41-50岁','E','A','武昌区',5,'A','A','E','E',3,3,3,3,'',1),(126,'A',1970,46,'41-50岁','D','A','武昌区',5,'A','A','E','D',5,4,5,5,'',1),(127,'B',1980,36,'31-40岁','E','B','武昌区',5,'A','A','E','E',5,5,5,5,'',1),(128,'B',1989,27,'21-30岁','E','I','武昌区',5,'A','A','C','C',5,5,5,5,'',1),(129,'A',1987,29,'21-30岁','D','I','武昌区',5,'A','A','C','C',5,5,5,5,'',1),(130,'B',1987,29,'21-30岁','E','D','武昌区',5,'A','B','D','D',4,4,4,4,'',1),(131,'B',1973,43,'41-50岁','E','D','武昌区',5,'A','A','C','C',4,4,4,4,'',1),(132,'B',1971,45,'41-50岁','C','I','武昌区',5,'A','A','C','C',4,3,4,3,'',1),(133,'B',1990,26,'21-30岁','E','D','武昌区',5,'A','B','B','C',3,3,3,3,'',1),(134,'B',1982,34,'31-40岁','D','C','武昌区',5,'A','A','D','D',4,4,4,4,'',1),(135,'A',1988,28,'21-30岁','D','E','武昌区',5,'A','A','D','D',5,5,5,5,'',1),(136,'B',1972,44,'41-50岁','C','C','武昌区',5,'A','B','B','B',5,5,5,5,'',1),(137,'B',1991,25,'21-30岁','E','I','武昌区',5,'B','A','C','C',5,5,5,4,'',1),(138,'B',1958,58,'51-60岁','B','C','武昌区',5,'A','B','A','A',4,4,4,4,'',1),(139,'B',1962,54,'51-60岁','C','A','武昌区',5,'A','B','C','B',5,5,5,5,'',1),(140,'B',1950,66,'61-70岁','B','A','洪山区',11,'A','A','C','D',4,4,4,4,'',1),(141,'B',1939,77,'70岁以上','B','C','武昌区',5,'A','A','B','B',5,5,5,5,'',1),(142,'A',1995,21,'21-30岁','E','H','武昌区',5,'B','C','C','C',3,4,3,3,'',1),(143,'A',1994,22,'21-30岁','E','H','武昌区',5,'A','B','C','C',3,4,4,3,'',1),(144,'B',1985,31,'31-40岁','E','B','青山区',14,'A','B','C','C',5,5,5,5,'',1),(145,'B',1982,34,'31-40岁','E','B','武昌区',5,'A','A','D','D',5,5,5,5,'',1),(146,'B',1970,46,'41-50岁','E','B','武昌区',5,'A','A','D','D',4,4,4,4,'',1),(147,'A',1963,53,'51-60岁','E','B','武昌区',5,'A','A','E','E',5,5,5,5,'',1),(148,'B',1993,23,'21-30岁','E','H','洪山区',11,'A','C','B','B',3,3,2,4,'',1),(149,'B',1994,22,'21-30岁','E','H','武昌区',5,'A','A','E','E',2,2,3,4,'',1),(150,'B',1994,22,'21-30岁','E','H','武昌区',5,'A','B','C','C',4,5,4,4,'',1),(151,'B',1996,20,'20岁以下','E','H','武昌区',5,'A','A','C','C',4,4,4,4,'',1),(152,'B',1992,24,'21-30岁','F','B','武昌区',5,'A','B','D','C',2,2,4,4,'',1),(153,'B',1994,22,'21-30岁','E','H','武昌区',5,'A','A','E','E',2,2,3,4,'',1),(154,'A',1995,21,'21-30岁','E','H','武昌区',5,'A','B','D','C',4,5,4,4,'',1),(155,'B',1984,32,'31-40岁','E','C','硚口区',12,'A','A','C','C',4,4,4,4,'',1),(156,'B',1988,28,'21-30岁','E','C','武昌区',5,'A','A','C','C',4,4,5,5,'',1),(157,'A',1973,43,'41-50岁','E','A','武昌区',5,'A','A','C','C',4,4,5,5,'',1),(158,'B',1987,29,'21-30岁','E','A','武昌区',5,'A','A','C','B',4,4,4,4,'',1),(159,'A',1971,45,'41-50岁','C','C','武昌区',5,'A','A','D','D',4,3,5,5,'',1),(160,'B',1988,28,'21-30岁','D','I','武昌区',5,'B','C','C','C',4,4,4,4,'',1),(161,'B',1972,44,'41-50岁','D','C','武昌区',5,'A','A','C','C',1,1,1,1,'',1),(162,'B',1972,44,'41-50岁','D','I','武昌区',5,'A','B','D','C',4,3,2,2,'',1),(163,'A',1988,28,'21-30岁','E','I','武昌区',5,'A','B','B','B',5,5,5,5,'',1),(164,'B',1979,37,'31-40岁','E','I','武昌区',5,'A','A','D','D',4,4,4,4,'',1),(165,'B',1989,27,'21-30岁','E','C','武昌区',5,'A','A','B','B',5,5,5,5,'',1),(166,'B',1991,25,'21-30岁','E','C','武昌区',5,'A','B','C','C',5,5,5,5,'',1),(167,'A',1990,26,'21-30岁','E','I','武昌区',5,'A','B','E','E',4,4,4,4,'',1),(168,'B',1985,31,'31-40岁','E','C','武昌区',5,'A','A','B','C',5,5,5,5,'',1),(169,'A',1989,27,'21-30岁','E','I','武昌区',5,'A','B','C','C',4,4,4,4,'',1),(170,'B',1981,35,'31-40岁','E','C','武昌区',5,'A','A','A','A',5,3,3,5,'',1),(171,'B',1988,28,'21-30岁','E','C','武昌区',5,'A','A','C','C',4,4,4,4,'',1),(172,'A',1960,56,'51-60岁','C','I','武昌区',5,'A','A','B','B',4,4,4,4,'',1),(173,'B',1949,67,'61-70岁','C','A','武昌区',5,'A','A','B','B',4,4,4,4,'',1),(174,'B',1954,62,'61-70岁','B','C','武昌区',5,'A','A','B','B',5,5,5,5,'',1),(175,'B',1949,67,'61-70岁','C','C','武昌区',5,'A','A','B','B',5,5,5,5,'',1),(176,'B',1950,66,'61-70岁','E','A','武昌区',5,'A','A','C','B',5,5,5,5,'',1),(177,'B',1953,63,'61-70岁','C','A','武昌区',5,'A','A','B','B',5,5,5,5,'',1),(178,'B',1992,24,'21-30岁','D','G','武昌区',5,'A','A','C','C',3,3,3,3,'',1),(179,'B',1996,20,'20岁以下','D','G','武昌区',5,'A','C','D','E',4,4,4,4,'',1),(180,'B',1997,19,'20岁以下','E','G','武昌区',5,'A','B','E','C',4,3,4,4,'',1),(181,'B',1993,23,'21-30岁','D','I','武昌区',5,'A','B','D','C',3,3,4,4,'',1),(182,'A',1993,23,'21-30岁','E','H','武昌区',5,'A','A','E','D',3,3,3,3,'',1),(183,'A',1968,48,'41-50岁','D','I','武昌区',5,'A','B','C','C',4,4,4,4,'',1),(184,'A',1983,33,'31-40岁','D','I','青山区',14,'A','B','E','D',2,3,3,4,'',1),(185,'B',1992,24,'21-30岁','E','H','洪山区',11,'A','A','D','D',4,4,4,3,'',1),(186,'B',1992,24,'21-30岁','E','B','硚口区',12,'A','A','D','D',4,2,3,2,'',1),(187,'B',1982,34,'31-40岁','D','C','江岸区',9,'A','B','C','C',4,4,4,4,'',1),(188,'B',1972,44,'41-50岁','D','D','江岸区',9,'A','B','C','C',5,5,5,5,'',1),(189,'B',1980,36,'31-40岁','D','I','江岸区',9,'A','A','C','C',5,5,5,5,'',1),(190,'B',1968,48,'41-50岁','D','I','江岸区',9,'A','A','C','C',5,5,5,5,'',1),(191,'B',1973,43,'41-50岁','E','I','江汉区',10,'A','A','C','C',5,5,5,5,'',1),(192,'B',1987,29,'21-30岁','E','C','江岸区',9,'A','B','B','B',5,5,5,5,'',1),(193,'A',1961,55,'51-60岁','C','C','江岸区',9,'A','A','B','B',4,4,4,4,'',1),(194,'B',1981,35,'31-40岁','D','C','江岸区',9,'A','B','B','B',5,5,5,5,'',1),(195,'B',1988,28,'21-30岁','E','C','江岸区',9,'A','B','B','B',5,5,5,5,'',1),(196,'A',1973,43,'41-50岁','D','C','江岸区',9,'A','B','A','A',5,5,5,5,'',1),(197,'B',1976,40,'31-40岁','D','C','江岸区',9,'A','B','B','B',5,5,5,5,'',1),(198,'B',1982,34,'31-40岁','D','C','江岸区',9,'A','A','C','C',5,5,5,5,'',1),(199,'B',1969,47,'41-50岁','D','C','江岸区',9,'A','B','B','B',5,5,5,5,'',1),(200,'A',1978,38,'31-40岁','C','C','江岸区',9,'A','A','B','B',4,4,4,4,'',1),(201,'A',1974,42,'41-50岁','D','C','江岸区',9,'A','A','D','D',4,4,4,4,'',1),(202,'B',1967,49,'41-50岁','C','C','江岸区',9,'A','A','B','B',4,4,4,4,'',1),(203,'B',1971,45,'41-50岁','C','C','江岸区',9,'A','A','B','B',4,4,4,4,'',1),(204,'B',1964,52,'51-60岁','C','C','江岸区',9,'A','A','B','B',4,4,4,4,'',1),(205,'B',1963,53,'51-60岁','D','C','江岸区',9,'A','A','B','B',4,4,4,4,'',1),(206,'B',1973,43,'41-50岁','D','C','江岸区',9,'A','A','C','C',4,4,4,4,'',1),(207,'B',1983,33,'31-40岁','E','C','江岸区',9,'A','A','B','B',4,4,4,4,'',1),(208,'B',1975,41,'41-50岁','D','C','江岸区',9,'A','A','B','B',4,4,4,4,'',1),(209,'B',1974,42,'41-50岁','D','C','江岸区',9,'A','A','B','B',4,4,4,4,'',1),(210,'B',1967,49,'41-50岁','C','C','江岸区',9,'A','A','B','B',4,4,4,4,'',1),(211,'b',1962,54,'51-60岁','d','c','江岸区',9,'a','b','d','c',3,3,3,3,'',1),(212,'B',1984,32,'31-40岁','E','C','江岸区',9,'A','A','D','D',5,5,5,5,'',1),(213,'B',1985,31,'31-40岁','E','C','江岸区',9,'A','A','C','C',5,5,5,5,'',1),(214,'B',1991,25,'21-30岁','D','C','江岸区',9,'A','B','C','C',3,3,3,3,'',1),(215,'B',1970,46,'41-50岁','C','C','江岸区',9,'A','B','D','C',3,3,3,3,'',1),(216,'B',1988,28,'21-30岁','D','C','江汉区',10,'A','B','D','C',3,3,3,3,'',1),(217,'B',1976,40,'31-40岁','D','C','江岸区',9,'A','A','C','C',1,5,5,5,'',1),(218,'B',1979,37,'31-40岁','E','C','江岸区',9,'A','A','C','C',1,5,5,5,'',1),(219,'B',1971,45,'41-50岁','D','C','江岸区',9,'A','A','C','C',1,5,5,5,'',1),(220,'B',1987,29,'21-30岁','E','A','江岸区',9,'A','A','C','C',5,5,5,5,'',1),(221,'A',1983,33,'31-40岁','E','d','江岸区',9,'A','A','C','C',4,4,4,4,'',1),(222,'B',0000,0,'','D','I','江岸区',9,'A','A','C','D',4,4,4,4,'',1),(223,'B',1987,29,'21-30岁','E','C','江岸区',9,'A','B','A','A',3,3,3,3,'',1),(224,'B',0000,0,'','D','I','江岸区',9,'A','A','C','D',4,4,4,4,'',1),(225,'B',1970,46,'41-50岁','C','C','江岸区',9,'A','B','C','C',4,4,4,4,'',1),(226,'A',1964,52,'51-60岁','E','C','江岸区',9,'A','A','C','C',2,2,2,3,'',1),(227,'B',1986,30,'21-30岁','E','I','江岸区',9,'A','A','E','E',4,2,5,4,'',1),(228,'B',1984,32,'31-40岁','E','I','江岸区',9,'A','A','D','E',5,4,5,4,'',1),(229,'B',1983,33,'31-40岁','E','I','江岸区',9,'A','A','D','D',4,5,5,4,'',1),(230,'B',1979,37,'31-40岁','E','I','江岸区',9,'A','A','E','E',5,5,5,5,'',1),(231,'B',1965,51,'51-60岁','C','C','江岸区',9,'A','B','D','C',3,3,3,3,'',1),(232,'A',1986,30,'21-30岁','E','I','江岸区',9,'A','B','C','D',3,3,3,3,'',1),(233,'B',1981,35,'31-40岁','D','I','江岸区',9,'A','A','C','C',4,4,5,4,'',1),(234,'B',1967,49,'41-50岁','D','I','江岸区',9,'A','A','E','E',5,4,5,4,'',1),(235,'B',1981,35,'31-40岁','D','I','江岸区',9,'A','A','C','C',4,4,5,4,'',1),(236,'B',1983,33,'31-40岁','E','I','江岸区',9,'A','A','C','C',4,4,5,4,'',1),(237,'A',1991,25,'21-30岁','D','I','江岸区',9,'A','C','B','C',4,5,5,4,'',1),(238,'A',1975,41,'41-50岁','C','C','江岸区',9,'A','B','B','C',3,3,3,3,'',1),(239,'B',1966,50,'41-50岁','D','C','江岸区',9,'A','A','B','B',5,5,5,5,'',1),(240,'A',1976,40,'31-40岁','D','C','江岸区',9,'A','B','A','A',3,3,3,3,'',1),(241,'B',1971,45,'41-50岁','E','C','江岸区',9,'A','B','A','A',3,3,3,3,'',1),(242,'B',1989,27,'21-30岁','C','C','武昌区',5,'A','A','B','B',3,3,3,3,'',1),(243,'B',1982,34,'31-40岁','D','I','江岸区',9,'A','B','C','C',2,2,2,2,'',1),(244,'B',1968,48,'41-50岁','D','C','江岸区',9,'A','B','C','B',4,5,4,4,'',1),(245,'A',1957,59,'51-60岁','C','C','江岸区',9,'A','C','B','B',3,3,3,3,'',1),(246,'B',1983,33,'31-40岁','D','B','江岸区',9,'A','D','B','D',3,3,4,3,'',1),(247,'B',1980,36,'31-40岁','E','D','江岸区',9,'A','A','D','C',4,3,4,3,'',1),(248,'B',1989,27,'21-30岁','D','C','江岸区',9,'A','A','E','D',4,3,5,5,'',1),(249,'A',1981,35,'31-40岁','E','C','江岸区',9,'A','B','B','C',4,3,3,4,'',1),(250,'A',1957,59,'51-60岁','C','D','江岸区',9,'A','B','A','A',3,1,1,3,'',1),(251,'B',1984,32,'31-40岁','D','D','江岸区',9,'A','B','C','C',2,1,4,3,'',1),(252,'A',1977,39,'31-40岁','C','D','江岸区',9,'A','A','B','B',4,1,4,3,'',1),(253,'A',1984,32,'31-40岁','D','C','江岸区',9,'A','A','B','B',3,3,3,3,'',1),(254,'B',1993,23,'21-30岁','D','C','江岸区',9,'A','C','A','A',3,3,3,3,'',1),(255,'B',1982,34,'31-40岁','E','C','江岸区',9,'A','C','C','C',3,3,3,3,'',1),(256,'A',1983,33,'31-40岁','D','I','江岸区',9,'A','B','B','B',4,4,4,4,'',1),(257,'B',1989,27,'21-30岁','F','C','江岸区',9,'A','D','B','C',4,4,4,4,'',1),(258,'B',1981,35,'31-40岁','E','I','江岸区',9,'A','A','B','B',4,4,4,4,'',1),(259,'B',1991,25,'21-30岁','D','I','江岸区',9,'A','B','B','B',3,3,3,3,'',1),(260,'B',1980,36,'31-40岁','D','C','江岸区',9,'A','B','C','B',3,3,3,3,'',1),(261,'A',1979,37,'31-40岁','D','D','江岸区',9,'A','B','A','A',3,3,3,3,'',1),(262,'A',1985,31,'31-40岁','D','I','江岸区',9,'A','A','A','A',3,3,3,3,'',1),(263,'B',1974,42,'41-50岁','D','I','江岸区',9,'A','A','A','A',3,3,3,3,'',1),(264,'B',1981,35,'31-40岁','E','I','江汉区',10,'A','A','C','C',4,4,4,4,'',1),(265,'A',1976,40,'31-40岁','C','C','江岸区',9,'A','A','B','B',4,4,4,4,'',1),(266,'A',1990,26,'21-30岁','E','I','江岸区',9,'A','A','C','C',3,3,3,3,'',1),(267,'B',1973,43,'41-50岁','C','C','江岸区',9,'A','A','C','C',3,3,3,3,'',1),(268,'A',1989,27,'21-30岁','D','I','江岸区',9,'A','B','C','C',3,3,3,3,'',1),(269,'B',1982,34,'31-40岁','E','D','江岸区',9,'A','B','C','C',4,4,4,4,'',1),(270,'B',1967,49,'41-50岁','C','I','江岸区',9,'A','A','B','C',3,3,3,3,'',1),(271,'A',1975,41,'41-50岁','D','I','江岸区',9,'A','A','C','D',3,3,3,4,'',1),(272,'B',1981,35,'31-40岁','D','I','江岸区',9,'A','C','B','B',3,3,3,3,'',1),(273,'A',1960,56,'51-60岁','D','C','江岸区',9,'A','A','C','C',4,4,5,5,'',1),(274,'A',1962,54,'51-60岁','D','C','江岸区',9,'A','A','C','C',4,4,4,4,'',1),(275,'A',1965,51,'51-60岁','C','C','江岸区',9,'A','A','C','C',4,3,3,4,'',1),(276,'B',1970,46,'41-50岁','E','C','江岸区',9,'A','D','E','E',4,4,4,4,'',1),(277,'B',1973,43,'41-50岁','D','I','江岸区',9,'A','A','B','B',4,4,4,4,'',1),(278,'B',1973,43,'41-50岁','D','I','江岸区',9,'A','A','B','B',4,4,4,4,'',1),(279,'B',1991,25,'21-30岁','E','A','新洲区',4,'A','A','C','C',2,2,2,3,'',1),(280,'A',1965,51,'51-60岁','E','A','新洲区',4,'A','A','C','C',3,3,3,3,'',1),(281,'A',1962,54,'51-60岁','D','B','新洲区',4,'A','A','B','B',4,4,4,4,'',1),(282,'B',1963,53,'51-60岁','C','B','新洲区',4,'A','A','C','C',5,5,5,5,'',1),(283,'B',1981,35,'31-40岁','E','B','新洲区',4,'A','A','D','D',4,4,4,4,'',1),(284,'A',1967,49,'41-50岁','E','B','新洲区',4,'A','A','E','E',4,4,4,4,'',1),(285,'B',1972,44,'41-50岁','E','B','新洲区',4,'A','A','E','E',4,4,4,4,'',1),(286,'B',1976,40,'31-40岁','E','C','新洲区',4,'A','A','D','E',5,5,5,5,'',1),(287,'A',1962,54,'51-60岁','E','A','新洲区',4,'A','A','C','C',5,5,5,5,'',1),(288,'B',1967,49,'41-50岁','E','A','新洲区',4,'A','A','C','B',5,5,5,5,'',1),(289,'B',1963,53,'51-60岁','E','A','新洲区',4,'A','A','C','C',5,5,5,5,'',1),(290,'A',1968,48,'41-50岁','E','C','新洲区',4,'A','B','C','C',2,2,2,2,'',1),(291,'A',1966,50,'41-50岁','E','C','新洲区',4,'A','C','B','B',1,2,2,2,'',1),(292,'A',1965,51,'51-60岁','E','A','新洲区',4,'A','A','D','E',4,5,5,5,'',1),(293,'B',1964,52,'51-60岁','D','A','新洲区',4,'A','A','C','C',5,4,5,4,'',1),(294,'A',1966,50,'41-50岁','D','A','新洲区',4,'A','A','C','D',5,5,5,5,'',1),(295,'A',1966,50,'41-50岁','C','C','新洲区',4,'A','A','D','D',5,5,4,4,'',1),(296,'A',1965,51,'51-60岁','D','A','新洲区',4,'A','A','D','D',4,4,4,4,'',1),(297,'A',1980,36,'31-40岁','E','C','新洲区',4,'A','A','D','D',4,4,4,4,'',1),(298,'A',1971,45,'41-50岁','D','C','新洲区',4,'A','A','C','D',4,4,4,4,'',1),(299,'B',1978,38,'31-40岁','D','D','新洲区',4,'A','A','B','C',4,4,4,4,'',1),(300,'A',1957,59,'51-60岁','C','C','新洲区',4,'A','B','C','C',4,4,4,5,'',1),(301,'B',1970,46,'41-50岁','C','C','新洲区',4,'A','B','C','C',4,4,4,4,'',1),(302,'B',1968,48,'41-50岁','D','C','新洲区',4,'A','A','D','C',4,4,4,4,'',1),(303,'B',1983,33,'31-40岁','E','C','新洲区',4,'A','A','D','D',4,4,4,4,'',1),(304,'A',1975,41,'41-50岁','D','C','新洲区',4,'A','A','D','D',4,4,4,4,'',1),(305,'B',1977,39,'31-40岁','E','C','新洲区',4,'A','B','C','C',3,3,3,3,'',1),(306,'B',1979,37,'31-40岁','E','B','新洲区',4,'A','A','C','C',2,2,2,5,'',1),(307,'B',1967,49,'41-50岁','E','A','新洲区',4,'A','B','E','D',4,4,4,5,'',1),(308,'B',1969,47,'41-50岁','E','B','新洲区',4,'A','A','D','D',5,5,5,5,'',1),(309,'A',1977,39,'31-40岁','B','I','新洲区',4,'A','B','B','B',3,3,4,4,'',1),(310,'A',1972,44,'41-50岁','E','B','新洲区',4,'A','A','D','D',5,5,5,5,'',1),(311,'A',1966,50,'41-50岁','D','A','新洲区',4,'A','A','A','B',5,5,5,5,'',1),(312,'B',1965,51,'51-60岁','E','B','新洲区',4,'A','A','E','D',3,3,3,5,'',1),(313,'B',1966,50,'41-50岁','D','A','新洲区',4,'A','B','C','C',4,4,3,4,'',1),(314,'B',1977,39,'31-40岁','E','B','新洲区',4,'A','A','D','C',3,3,3,5,'',1),(315,'A',1968,48,'41-50岁','E','A','新洲区',4,'A','A','C','C',2,2,2,1,'',1),(316,'A',1984,32,'31-40岁','E','A','新洲区',4,'A','B','C','C',3,4,3,3,'',1),(317,'A',1972,44,'41-50岁','D','C','新洲区',4,'A','A','A','E',5,5,5,5,'',1),(318,'A',1975,41,'41-50岁','F','C','新洲区',4,'A','A','B','C',3,4,4,4,'',1),(319,'A',1990,26,'21-30岁','D','C','新洲区',4,'A','A','C','C',4,3,3,3,'',1),(320,'A',1982,34,'31-40岁','D','C','新洲区',4,'A','A','A','E',5,5,5,5,'',1),(321,'A',1963,53,'51-60岁','D','A','新洲区',4,'A','A','C','C',5,5,5,5,'',1),(322,'A',1970,46,'41-50岁','D','A','新洲区',4,'A','A','C','C',5,5,5,5,'',1),(323,'A',1972,44,'41-50岁','E','A','新洲区',4,'A','A','D','C',5,5,5,5,'',1),(324,'A',1976,40,'31-40岁','E','A','新洲区',4,'A','A','D','C',5,5,5,5,'',1),(325,'A',1960,56,'51-60岁','E','A','新洲区',4,'A','A','B','B',4,4,5,5,'',1),(326,'A',1962,54,'51-60岁','E','A','新洲区',4,'A','A','D','C',3,3,3,3,'',1),(327,'B',1988,28,'21-30岁','D','A','新洲区',4,'A','A','C','C',2,2,3,3,'',1),(328,'A',1973,43,'41-50岁','E','C','新洲区',4,'A','A','E','E',4,4,4,4,'',1),(329,'A',1988,28,'21-30岁','D','C','新洲区',4,'A','A','C','C',4,4,4,4,'',1),(330,'B',1972,44,'41-50岁','E','A','新洲区',4,'A','A','E','C',2,2,1,1,'',1),(331,'B',1971,45,'41-50岁','E','A','新洲区',4,'A','A','E','D',4,4,4,4,'',1),(332,'A',1989,27,'21-30岁','E','C','新洲区',4,'A','C','A','A',2,2,1,2,'',1),(333,'A',1962,54,'51-60岁','E','A','新洲区',4,'A','A','C','C',4,4,4,4,'',1),(334,'A',1970,46,'41-50岁','E','A','新洲区',4,'A','A','C','D',2,2,2,2,'',1),(335,'A',1962,54,'51-60岁','C','B','新洲区',4,'A','A','A','A',2,2,2,2,'',1),(336,'B',1978,38,'31-40岁','E','C','新洲区',4,'A','A','D','D',4,2,2,3,'',1),(337,'A',1968,48,'41-50岁','E','C','新洲区',4,'A','A','D','D',4,4,4,4,'',1),(338,'B',1976,40,'31-40岁','D','A','新洲区',4,'A','B','B','B',4,4,4,4,'',1),(339,'A',1975,41,'41-50岁','D','A','新洲区',4,'A','A','C','C',4,4,4,4,'',1),(340,'A',1975,41,'41-50岁','D','A','新洲区',4,'A','A','C','C',4,4,4,4,'',1),(341,'B',1976,40,'31-40岁','D','A','新洲区',4,'A','A','B','B',4,4,4,4,'',1),(342,'A',1974,42,'41-50岁','D','A','新洲区',4,'A','A','E','E',5,5,5,5,'',1),(343,'A',1972,44,'41-50岁','E','A','新洲区',4,'A','A','C','C',5,5,5,5,'',1),(344,'B',1976,40,'31-40岁','D','A','新洲区',4,'A','A','C','C',4,4,4,4,'',1),(345,'B',1964,52,'51-60岁','E','A','新洲区',4,'A','B','B','B',5,5,5,5,'',1),(346,'A',1972,44,'41-50岁','E','A','新洲区',4,'A','A','B','B',5,5,5,5,'',1),(347,'B',1975,41,'41-50岁','D','A','新洲区',4,'A','A','C','E',3,4,4,4,'',1),(348,'B',1968,48,'41-50岁','E','C','新洲区',4,'A','B','B','B',4,4,4,4,'',1),(349,'B',1980,36,'31-40岁','E','A','新洲区',4,'A','A','E','D',5,5,5,5,'',1),(350,'A',1988,28,'21-30岁','E','A','新洲区',4,'A','A','D','C',5,5,5,5,'',1),(351,'B',1970,46,'41-50岁','E','A','新洲区',4,'A','A','D','C',5,5,5,5,'',1),(352,'B',1976,40,'31-40岁','E','C','新洲区',4,'A','A','D','C',5,5,5,5,'',1),(353,'B',1979,37,'31-40岁','E','C','新洲区',4,'A','A','D','C',5,5,5,5,'',1),(354,'B',1987,29,'21-30岁','E','A','新洲区',4,'A','A','D','C',5,5,5,5,'',1),(355,'B',1976,40,'31-40岁','D','C','新洲区',4,'A','B','B','B',4,4,4,4,'',1),(356,'B',1994,22,'21-30岁','E','B','新洲区',4,'A','B','B','B',4,3,4,5,'',1),(357,'A',1983,33,'31-40岁','E','C','新洲区',4,'A','B','B','B',4,4,3,4,'',1),(358,'B',1996,20,'20岁以下','E','H','新洲区',4,'A','B','D','D',5,4,4,4,'',1),(359,'B',1990,26,'21-30岁','E','B','新洲区',4,'A','B','C','C',4,5,4,4,'',1),(360,'A',1971,45,'41-50岁','D','F','新洲区',4,'A','C','B','B',3,4,4,3,'',1),(361,'B',1989,27,'21-30岁','E','D','新洲区',4,'A','B','C','C',5,5,4,5,'',1),(362,'A',1979,37,'31-40岁','D','C','新洲区',4,'A','C','B','B',3,3,3,3,'',1),(363,'B',1961,55,'51-60岁','C','I','新洲区',4,'B','C','A','B',3,3,3,3,'',1),(364,'A',1988,28,'21-30岁','E','A','新洲区',4,'A','B','C','B',4,4,4,4,'',1),(365,'B',1979,37,'31-40岁','D','I','新洲区',4,'A','A','D','C',3,3,3,3,'',1),(366,'B',1991,25,'21-30岁','D','B','新洲区',4,'A','A','C','C',5,4,4,4,'',1),(367,'A',1975,41,'41-50岁','E','A','新洲区',4,'A','A','D','C',5,5,5,5,'',1),(368,'A',1957,59,'51-60岁','D','B','新洲区',4,'A','B','C','C',3,2,2,2,'',1),(369,'B',1980,36,'31-40岁','E','B','新洲区',4,'A','A','E','E',4,5,5,5,'',1),(370,'B',1973,43,'41-50岁','E','A','新洲区',4,'A','A','D','D',4,4,4,4,'',1),(371,'A',1977,39,'31-40岁','E','B','新洲区',4,'A','B','C','D',2,2,2,2,'',1),(372,'B',1968,48,'41-50岁','E','B','新洲区',4,'A','A','C','C',4,5,5,5,'',1),(373,'A',1965,51,'51-60岁','D','B','新洲区',4,'A','A','C','C',4,4,4,4,'',1),(374,'A',1977,39,'31-40岁','E','B','新洲区',4,'A','A','C','C',3,3,3,3,'',1),(375,'B',2000,16,'20岁以下','B','H','武汉经济技术开发区（汉南区）',6,'A','A','A','A',2,3,4,5,' -',1),(376,'A',1976,40,'31-40岁','C','A','武汉经济技术开发区（汉南区）',6,'A','A','C','B',3,4,3,5,' -',1),(377,'B',1969,47,'41-50岁','C','F','武汉经济技术开发区（汉南区）',6,'A','A','D','E',1,2,3,5,' -',1),(378,'A',1969,47,'41-50岁','F','A','武汉经济技术开发区（汉南区）',6,'A','A','C','B',1,2,4,5,' -',1),(379,'B',1977,39,'31-40岁','B','E','武汉经济技术开发区（汉南区）',6,'A','A','A','A',2,3,4,5,' -',1),(380,'A',1981,35,'31-40岁','D','F','武汉经济技术开发区（汉南区）',6,'A','A','A','A',2,3,4,5,' -',1),(381,'A',1942,74,'70岁以上','B','I','武汉经济技术开发区（汉南区）',6,'A','A','A','A',2,3,4,5,' -',1),(382,'A',1963,53,'51-60岁','D','A','武汉经济技术开发区（汉南区）',6,'A','A','C','D',5,5,5,5,' -',1),(383,'B',1984,32,'31-40岁','D','A','武汉经济技术开发区（汉南区）',6,'A','A','D','D',5,5,5,5,' -',1),(384,'A',1978,38,'31-40岁','D','I','武汉经济技术开发区（汉南区）',6,'A','A','C','E',5,5,5,5,' -',1),(385,'B',1976,40,'31-40岁','C','I','武汉经济技术开发区（汉南区）',6,'A','A','D','E',1,1,3,5,' -',1),(386,'B',1974,42,'41-50岁','E','A','武汉经济技术开发区（汉南区）',6,'A','A','E','E',1,2,3,5,' -',1),(387,'A',1996,20,'20岁以下','C','I','武汉经济技术开发区（汉南区）',6,'A','A','A','A',2,3,4,5,' -',1),(388,'A',1988,28,'21-30岁','D','A','武汉经济技术开发区（汉南区）',6,'A','A','A','A',3,3,3,5,' -',1),(389,'B',1985,31,'31-40岁','E','B','武汉经济技术开发区（汉南区）',6,'A','A','A','A',2,4,4,5,' -',1),(390,'A',1986,30,'21-30岁','C','I','武汉经济技术开发区（汉南区）',6,'A','A','A','A',3,4,4,4,' -',1),(391,'B',2004,12,'20岁以下','B','H','武汉经济技术开发区（汉南区）',6,'A','A','B','D',2,3,4,5,' -',1),(392,'A',1987,29,'21-30岁','G','H','武汉经济技术开发区（汉南区）',6,'A','A','A','A',1,2,4,5,' -',1),(393,'B',1978,38,'31-40岁','C','D','武汉经济技术开发区（汉南区）',6,'A','A','C','C',1,2,3,5,' -',1),(394,'A',1979,37,'31-40岁','C','A','武汉经济技术开发区（汉南区）',6,'A','A','A','A',4,4,4,4,' -',1),(395,'B',2003,13,'20岁以下','A','H','武汉经济技术开发区（汉南区）',6,'A','A','A','A',2,4,4,5,' -',1),(396,'A',2010,6,'20岁以下','A','H','武汉经济技术开发区（汉南区）',6,'A','A','D','D',1,2,3,5,' -',1),(397,'B',2007,9,'20岁以下','A','H','武汉经济技术开发区（汉南区）',6,'A','A','E','E',1,2,3,4,' -',1),(398,'B',1995,21,'21-30岁','E','H','武汉经济技术开发区（汉南区）',6,'A','A','E','E',2,2,3,5,' -',1),(399,'B',1990,26,'21-30岁','F','A','武汉经济技术开发区（汉南区）',6,'A','A','E','E',5,5,5,5,'希望公司多举办一些阅读活动',1),(400,'B',2011,5,'20岁以下','A','H','武汉经济技术开发区（汉南区）',6,'A','A','A','A',1,3,5,5,' -',1),(401,'B',1978,38,'31-40岁','C','A','武汉经济技术开发区（汉南区）',6,'A','A','A','A',3,4,4,5,' -',1),(402,'B',1986,30,'21-30岁','D','A','武汉经济技术开发区（汉南区）',6,'A','A','D','D',3,4,4,5,' -',1),(403,'B',1968,48,'41-50岁','C','A','武汉经济技术开发区（汉南区）',6,'A','A','A','A',3,4,4,5,' -',1),(404,'A',1972,44,'41-50岁','C','A','武汉经济技术开发区（汉南区）',6,'A','A','C','C',2,4,3,5,' -',1),(405,'A',1990,26,'21-30岁','D','G','江汉区',10,'A','B','C','C',5,5,5,5,'',1),(406,'A',1993,23,'21-30岁','D','G','江汉区',10,'A','A','C','C',5,5,5,5,'',1),(407,'A',1993,23,'21-30岁','D','G','江汉区',10,'A','A','C','C',5,5,5,5,'',1),(408,'A',1998,18,'20岁以下','B','G','江汉区',10,'A','A','B','B',5,5,5,5,'',1),(409,'A',1996,20,'20岁以下','C','G','江汉区',10,'A','A','D','C',5,5,5,5,'',1),(410,'A',1996,20,'20岁以下','C','G','江汉区',10,'A','B','C','C',5,5,5,5,'',1),(411,'A',1997,19,'20岁以下','C','G','江汉区',10,'A','B','C','C',5,5,5,5,'',1),(412,'A',1997,19,'20岁以下','C','G','江汉区',10,'A','B','B','C',5,5,5,5,'',1),(413,'A',1995,21,'21-30岁','C','G','江汉区',10,'A','A','C','C',5,5,5,5,'',1),(414,'A',1995,21,'21-30岁','C','G','江汉区',10,'A','A','C','C',5,5,5,5,'',1),(415,'A',1997,19,'20岁以下','C','G','江汉区',10,'A','A','C','C',5,5,5,5,'',1),(416,'A',1995,21,'21-30岁','C','G','江汉区',10,'A','A','C','C',5,5,5,5,'',1),(417,'A',1980,36,'31-40岁','D','G','江汉区',10,'A','A','C','C',5,5,5,5,'',1),(418,'A',1995,21,'21-30岁','D','G','江汉区',10,'A','A','C','C',5,5,5,5,'',1),(419,'A',1994,22,'21-30岁','C','G','江汉区',10,'A','A','B','B',5,5,5,5,'',1),(420,'A',1991,25,'21-30岁','C','G','江汉区',10,'A','A','D','C',5,5,5,5,'',1),(421,'A',1993,23,'21-30岁','D','G','江汉区',10,'A','A','D','C',5,5,5,5,'',1),(422,'A',1997,19,'20岁以下','C','G','江汉区',10,'A','A','B','E',5,5,5,5,'',1),(423,'A',1995,21,'21-30岁','D','G','江汉区',10,'A','A','D','C',5,5,5,5,'',1),(424,'B',1951,65,'61-70岁','C','A','黄陂区',15,'A','A','C','C',5,5,5,5,'',1),(425,'A',1983,33,'31-40岁','E','D','江汉区',10,'A','A','D','C',4,4,4,4,'',1),(426,'B',1990,26,'21-30岁','E','D','硚口区',12,'A','A','C','C',5,5,5,5,'',1),(427,'B',1974,42,'41-50岁','D','B','江汉区',10,'A','B','C','C',4,4,4,4,'',1),(428,'B',1985,31,'31-40岁','E','D','汉阳区',7,'A','A','C','C',5,5,5,5,'',1),(429,'B',1985,31,'31-40岁','E','D','汉阳区',7,'A','A','C','C',5,5,5,5,'',1),(430,'B',1996,20,'20岁以下','D','D','江岸区',9,'A','A','D','D',5,5,5,5,'',1),(431,'A',1996,20,'20岁以下','C','D','汉阳区',7,'A','A','C','C',5,5,5,5,'',1),(432,'B',1985,31,'31-40岁','D','D','汉阳区',7,'A','A','A','A',5,5,5,5,'',1),(433,'B',1985,31,'31-40岁','C','C','江汉区',10,'A','A','D','D',4,4,4,5,'',1),(434,'A',1963,53,'51-60岁','C','I','江汉区',10,'A','A','A','A',5,5,5,5,'',1),(435,'B',1990,26,'21-30岁','D','C','江汉区',10,'A','A','C','C',4,4,5,5,'',1),(436,'B',1982,34,'31-40岁','E','C','江汉区',10,'A','A','C','C',4,4,5,5,'',1),(437,'A',1992,24,'21-30岁','E','H','江岸区',9,'A','A','C','C',4,4,5,5,'',1),(438,'B',1988,28,'21-30岁','E','A','江汉区',10,'A','B','D','C',4,4,3,3,'',1),(439,'B',1990,26,'21-30岁','C','C','江汉区',10,'A','B','C','B',4,5,4,5,'',1),(440,'A',1980,36,'31-40岁','C','I','江岸区',9,'A','B','E','E',5,5,5,5,'',1),(441,'B',1984,32,'31-40岁','C','D','武昌区',5,'A','A','C','C',5,5,5,5,'',1),(442,'B',1989,27,'21-30岁','F','A','江汉区',10,'A','A','D','D',5,5,5,5,'',1),(443,'A',1940,76,'70岁以上','E','I','硚口区',12,'A','A','C','C',4,4,5,5,'',1),(444,'A',1963,53,'51-60岁','E','I','江汉区',10,'A','A','C','E',5,5,5,5,'',1),(445,'B',1971,45,'41-50岁','C','D','武昌区',5,'A','A','D','C',4,5,5,5,'',1),(446,'A',1991,25,'21-30岁','E','B','江汉区',10,'A','B','D','D',4,3,4,4,'',1),(447,'A',1994,22,'21-30岁','C','G','江汉区',10,'A','A','B','C',5,5,5,5,'',1),(448,'B',1992,24,'21-30岁','C','G','江汉区',10,'A','A','C','D',5,5,5,5,'',1),(449,'A',1994,22,'21-30岁','C','G','江汉区',10,'A','A','C','C',5,5,5,5,'',1),(450,'A',1992,24,'21-30岁','C','G','江汉区',10,'A','B','C','C',5,5,5,5,'',1),(451,'A',1977,39,'31-40岁','D','I','汉阳区',7,'A','B','B','B',5,5,5,5,'',1),(452,'A',1990,26,'21-30岁','D','D','江岸区',9,'A','A','B','C',5,5,5,5,'',1),(453,'A',1985,31,'31-40岁','E','I','江汉区',10,'A','A','C','C',5,5,5,5,'',1),(454,'B',1992,24,'21-30岁','E','C','江汉区',10,'A','B','A','A',2,2,2,5,'',1),(455,'B',1990,26,'21-30岁','D','C','江汉区',10,'A','B','B','C',5,5,5,5,'',1),(456,'A',1998,18,'20岁以下','C','G','江汉区',10,'A','A','B','C',5,5,5,5,'',1),(457,'A',1992,24,'21-30岁','D','G','江汉区',10,'A','A','C','B',5,5,5,5,'',1),(458,'A',1990,26,'21-30岁','D','G','江汉区',10,'A','A','D','D',5,5,5,5,'',1),(459,'A',1991,25,'21-30岁','C','B','江岸区',9,'A','D','D','D',5,5,5,5,'',1),(460,'B',1990,26,'21-30岁','E','B','江岸区',9,'A','B','A','B',3,3,3,3,'',1),(461,'B',1991,25,'21-30岁','E','I','江汉区',10,'A','B','C','C',3,3,3,3,'',1),(462,'B',1977,39,'31-40岁','C','C','江岸区',9,'A','C','B','B',5,5,5,5,'',1),(463,'A',1993,23,'21-30岁','D','G','江汉区',10,'A','A','C','C',5,5,5,5,'',1),(464,'A',1995,21,'21-30岁','C','G','江汉区',10,'A','A','D','D',5,5,5,5,'',1),(465,'B',1980,36,'31-40岁','D','C','江岸区',9,'A','A','E','E',2,2,2,2,'',1),(466,'A',1984,32,'31-40岁','D','A','江汉区',10,'A','C','D','D',2,2,4,3,'',1),(467,'B',1990,26,'21-30岁','E','C','江汉区',10,'A','A','D','D',2,2,2,2,'',1),(468,'A',1988,28,'21-30岁','E','I','汉阳区',7,'A','A','C','C',5,5,5,5,'',1),(469,'B',1985,31,'31-40岁','D','C','江汉区',10,'A','A','C','C',5,5,5,5,'',1),(470,'B',1983,33,'31-40岁','E','C','江汉区',10,'A','A','B','B',5,5,5,5,'',1),(471,'A',1983,33,'31-40岁','D','D','江汉区',10,'A','A','B','C',5,5,5,5,'',1),(472,'B',1991,25,'21-30岁','E','C','江汉区',10,'A','A','C','C',5,5,5,5,'',1),(473,'A',1992,24,'21-30岁','D','G','江汉区',10,'A','A','D','B',5,5,5,5,'',1),(474,'B',1991,25,'21-30岁','D','C','江汉区',10,'A','A','D','C',5,5,5,5,'',1),(475,'A',1966,50,'41-50岁','D','A','黄陂区',15,'A','A','C','C',5,5,5,5,'',1),(476,'A',1979,37,'31-40岁','B','I','江汉区',10,'A','A','D','D',5,5,5,5,'',1),(477,'A',1978,38,'31-40岁','E','A','江汉区',10,'A','A','B','B',5,5,5,5,'',1),(478,'A',1979,37,'31-40岁','C','D','江汉区',10,'A','A','D','D',5,5,5,5,'',1),(479,'A',1958,58,'51-60岁','C','C','江汉区',10,'A','A','E','E',5,5,5,5,'',1),(480,'A',1963,53,'51-60岁','C','B','江岸区',9,'A','A','C','C',5,5,5,5,'',1),(481,'A',1955,61,'61-70岁','D','F','江汉区',10,'A','A','D','D',5,5,5,5,'',1),(482,'A',1990,26,'21-30岁','C','B','硚口区',12,'A','A','B','B',5,5,5,5,'',1),(483,'B',1964,52,'51-60岁','D','B','江汉区',10,'A','A','E','E',5,5,5,5,'',1),(484,'A',1995,21,'21-30岁','E','H','黄陂区',15,'A','A','C','C',5,5,5,5,'',1),(485,'A',1956,60,'51-60岁','D','B','黄陂区',15,'A','B','C','C',5,5,5,5,'',1),(486,'B',1986,30,'21-30岁','E','D','江汉区',10,'A','A','E','E',5,5,5,5,'',1),(487,'B',1984,32,'31-40岁','B','I','江汉区',10,'A','B','A','C',5,5,5,5,'',1),(488,'A',1938,78,'70岁以上','C','A','江岸区',9,'A','A','A','B',5,5,5,5,'',1),(489,'B',1993,23,'21-30岁','D','D','汉阳区',7,'A','B','B','C',5,5,5,5,'',1),(490,'B',1981,35,'31-40岁','E','B','江汉区',10,'A','A','C','C',5,5,5,5,'',1),(491,'A',1962,54,'51-60岁','C','I','江岸区',9,'A','A','B','B',5,5,5,5,'',1),(492,'B',1953,63,'61-70岁','C','A','江汉区',10,'A','A','C','B',5,5,5,5,'',1),(493,'B',1992,24,'21-30岁','E','D','江汉区',10,'A','B','D','C',5,5,5,5,'',1),(494,'B',1951,65,'61-70岁','A','I','江岸区',9,'A','A','B','B',5,5,5,5,'',1),(495,'B',1991,25,'21-30岁','E','D','江汉区',10,'A','A','D','D',5,5,5,5,'',1),(496,'A',1990,26,'21-30岁','E','B','武昌区',5,'A','A','E','D',5,5,5,5,'',1),(497,'A',1963,53,'51-60岁','E','B','江汉区',10,'A','C','C','C',5,5,5,5,'',1),(498,'B',1973,43,'41-50岁','E','C','江汉区',10,'A','A','B','B',5,5,5,5,'',1),(499,'A',1984,32,'31-40岁','E','B','江汉区',10,'A','A','B','B',5,5,5,5,'',1),(500,'A',1986,30,'21-30岁','E','A','江汉区',10,'A','A','D','D',5,5,5,5,'',1),(501,'A',1963,53,'51-60岁','E','I','江汉区',10,'A','A','C','C',5,5,5,5,'',1),(502,'A',1947,69,'61-70岁','B','F','江汉区',10,'A','A','B','B',5,5,5,5,'',1),(503,'B',1944,72,'70岁以上','C','I','江汉区',10,'A','A','C','C',5,5,5,5,'',1),(504,'A',1959,57,'51-60岁','D','I','硚口区',12,'A','B','C','C',5,5,5,5,'',1),(505,'B',1993,23,'21-30岁','A','C','汉阳区',7,'A','B','B','B',4,4,4,4,' 针对市民阅读的多样化，可以加强多功能阅读，大大加强和互联网的结合。开展一些网络阅读的活动。     ',1),(506,'B',1993,23,'21-30岁','E','C','汉阳区',7,'A','B','B','D',4,4,4,4,'针对市民阅读的多样化，可以加强多功能阅读，大大加强和互联网的结合。开展一些网络阅读的活动。  ',1),(507,'A',1950,66,'61-70岁','A','I','青山区',14,'A','A','C','C',5,5,5,5,'',1),(508,'A',1972,44,'41-50岁','E','A','青山区',14,'A','A','A','B',5,5,5,5,'',1),(509,'A',1955,61,'61-70岁','E','F','青山区',14,'A','B','B','C',5,5,5,5,'',1),(510,'B',1949,67,'61-70岁','D','A','青山区',14,'A','A','C','C',5,5,5,5,'',1),(511,'A',1951,65,'61-70岁','C','D','青山区',14,'A','B','C','C',5,5,5,5,'',1),(512,'B',2006,10,'20岁以下','A','H','青山区',14,'B','B','D','D',4,4,4,4,'',1),(513,'A',2005,11,'20岁以下','A','H','青山区',14,'A','A','C','D',4,4,4,5,'',1),(514,'B',1978,38,'31-40岁','E','B','江岸区',9,'A','A','C','C',4,3,2,4,'',1),(515,'B',1970,46,'41-50岁','E','B','青山区',14,'A','B','B','B',4,4,3,4,'',1),(516,'A',1968,48,'41-50岁','D','C','青山区',14,'A','A','C','C',3,4,4,4,'',1),(517,'B',2008,8,'20岁以下','A','H','江岸区',9,'A','A','C','C',5,5,5,5,'',1),(518,'A',2007,9,'20岁以下','A','H','青山区',14,'A','C','D','C',4,4,4,4,'',1),(519,'B',2004,12,'20岁以下','A','H','青山区',14,'A','A','B','C',5,5,5,5,'',1),(520,'A',1977,39,'31-40岁','E','A','江岸区',9,'A','A','C','C',4,4,4,4,'',1),(521,'A',1980,36,'31-40岁','E','C','武昌区',5,'A','A','C','C',3,3,4,4,'',1),(522,'A',1968,48,'41-50岁','D','B','青山区',14,'A','B','B','B',4,4,4,4,'',1),(523,'A',1969,47,'41-50岁','F','A','江汉区',10,'A','B','C','C',3,3,3,3,'多进好书与创造好的阅读环境',1),(524,'B',1970,46,'41-50岁','E','D','青山区',14,'A','B','B','B',4,4,4,4,'',1),(525,'B',1987,29,'21-30岁','D','D','青山区',14,'A','B','C','C',5,5,5,5,'多途径创建更好的阅读环境和多进好书',1),(526,'B',1973,43,'41-50岁','E','C','青山区',14,'A','A','B','B',3,4,4,4,'',1),(527,'A',1967,49,'41-50岁','D','A','江汉区',10,'A','B','B','B',3,4,5,5,'',1),(528,'B',1953,63,'61-70岁','D','B','青山区',14,'A','A','B','B',3,3,3,3,'',1),(529,'B',1973,43,'41-50岁','D','B','汉阳区',7,'A','B','B','C',3,4,3,3,'',1),(530,'B',1965,51,'51-60岁','C','D','青山区',14,'A','A','B','B',4,4,4,4,'',1),(531,'A',1995,21,'21-30岁','E','H','青山区',14,'A','A','E','E',2,2,3,4,'',1),(532,'B',1968,48,'41-50岁','E','B','青山区',14,'A','A','D','E',3,4,4,5,'',1),(533,'A',1966,50,'41-50岁','E','A','青山区',14,'A','A','D','D',3,3,3,5,'',1),(534,'B',1974,42,'41-50岁','D','D','青山区',14,'A','B','C','C',5,5,5,5,'',1),(535,'B',1958,58,'51-60岁','C','I','武昌区',5,'A','B','C','C',5,5,5,5,'',1),(536,'B',1960,56,'51-60岁','C','F','青山区',14,'A','B','B','C',3,4,3,4,'',1),(537,'A',1962,54,'51-60岁','C','F','青山区',14,'B','B','B','C',4,4,3,4,'',1),(538,'A',1960,56,'51-60岁','C','C','青山区',14,'A','B','B','C',2,3,3,4,'',1),(539,'A',1952,64,'61-70岁','B','F','青山区',14,'A','B','B','C',2,2,3,4,'',1),(540,'A',1930,86,'70岁以上','D','B','青山区',14,'A','B','B','B',4,4,4,5,'',1),(541,'A',1948,68,'61-70岁','B','C','青山区',14,'A','B','B','C',2,2,3,4,'',1),(542,'A',1930,86,'70岁以上','D','A','青山区',14,'A','A','C','C',2,2,4,4,'多种讲座；青山硬件不配套',1),(543,'A',1940,76,'70岁以上','C','C','青山区',14,'A','B','A','A',4,4,4,4,'武汉市全民阅读环境、服务都还好。但阅读报刊.有读者一人拿多份报纸，不利多数读者看，希望能一人一份阅读',1),(544,'B',1948,68,'61-70岁','B','C','青山区',14,'A','A','C','C',2,3,3,4,'',1),(545,'A',1942,74,'70岁以上','C','A','青山区',14,'A','B','C','B',4,4,4,4,'最好在每个社区有阅读地方，老年人以方便为主。',1),(546,'A',1958,58,'51-60岁','C','B','青山区',14,'A','A','C','C',2,3,3,4,'',1),(547,'A',0000,0,'','B','F','青山区',14,'A','B','B','C',4,4,4,4,'',1),(548,'B',1946,70,'61-70岁','B','C','青山区',14,'A','B','B','C',2,2,3,4,'',1),(549,'A',1957,59,'51-60岁','C','C','青山区',14,'A','B','B','C',4,3,4,4,'',1),(550,'A',1954,62,'61-70岁','C','C','青山区',14,'A','B','C','C',4,4,2,4,'',1),(551,'B',1956,60,'51-60岁','C','C','青山区',14,'A','B','C','C',4,4,4,4,'',1),(552,'A',1954,62,'61-70岁','C','C','青山区',14,'A','B','C','C',2,2,4,4,'',1),(553,'A',1953,63,'61-70岁','B','F','青山区',14,'A','B','C','C',2,3,4,4,'',1),(554,'A',1950,66,'61-70岁','B','F','青山区',14,'A','A','C','C',2,3,4,4,'',1),(555,'A',1951,65,'61-70岁','B','F','青山区',14,'A','B','B','C',2,3,4,4,'',1),(556,'A',1948,68,'61-70岁','B','D','青山区',14,'A','B','C','C',2,3,3,4,'',1),(557,'A',1943,73,'70岁以上','B','D','青山区',14,'A','B','B','C',2,3,4,4,'',1),(558,'A',1950,66,'61-70岁','C','B','青山区',14,'A','A','C','C',4,4,4,4,'1、各社区应设书报阅览室(含少儿读物);\n2、各区图书馆定期举办\"专题讲座\"(由区内外名人、专家官员、劳模、先进等主讲)',1),(559,'A',1930,86,'70岁以上','D','C','青山区',14,'A','A','C','C',1,4,4,4,'建议青山图书馆在财政允许的情况下，增加投资，让青山市民能在馆内设置讲座',1),(560,'A',1943,73,'70岁以上','D','I','青山区',14,'A','A','A','A',4,4,4,4,'',1),(561,'A',1980,36,'31-40岁','E','B','青山区',14,'A','B','E','D',4,4,4,4,'',1),(562,'B',1965,51,'51-60岁','C','E','青山区',14,'A','A','A','A',5,5,5,5,'',1),(563,'A',1970,46,'41-50岁','D','C','武昌区',5,'A','A','B','B',5,5,5,5,'',1),(564,'A',1961,55,'51-60岁','B','I','青山区',14,'A','A','C','A',5,5,5,5,'',1),(565,'A',1967,49,'41-50岁','D','F','青山区',14,'A','B','E','E',5,5,5,5,'',1),(566,'B',1953,63,'61-70岁','C','I','青山区',14,'A','A','C','C',5,5,5,5,'',1),(567,'B',1969,47,'41-50岁','D','G','青山区',14,'A','A','A','A',5,5,5,5,'',1),(568,'B',1966,50,'41-50岁','B','D','武昌区',5,'A','A','A','A',5,5,5,5,'',1),(569,'A',1946,70,'61-70岁','D','B','青山区',14,'A','A','B','B',4,4,4,4,'',1),(570,'A',1969,47,'41-50岁','C','F','青山区',14,'A','A','A','A',5,5,5,5,'',1),(571,'B',1979,37,'31-40岁','D','D','青山区',14,'B','B','D','E',3,3,3,3,'',1),(572,'A',1981,35,'31-40岁','E','C','青山区',14,'A','A','B','B',5,5,5,5,'',1),(573,'A',1951,65,'61-70岁','C','I','青山区',14,'A','B','B','C',4,4,4,4,'纸面阅读',1),(574,'B',1978,38,'31-40岁','E','C','青山区',14,'A','A','C','B',5,5,5,5,'',1),(575,'A',1977,39,'31-40岁','D','F','洪山区',11,'A','B','A','A',5,5,5,5,'',1),(576,'A',1966,50,'41-50岁','C','E','青山区',14,'A','A','A','A',5,5,5,5,'',1),(577,'A',1966,50,'41-50岁','C','B','青山区',14,'A','A','B','D',5,5,5,5,'增加对图书馆投入，使广大市民有一个良好的学习环境',1),(578,'B',1971,45,'41-50岁','E','B','青山区',14,'A','A','D','C',3,3,3,4,'',1),(579,'B',1973,43,'41-50岁','D','D','青山区',14,'A','A','D','D',4,4,4,4,'希望能多设一些借阅点',1),(580,'A',0000,0,'','D','F','青山区',14,'B','A','D','C',4,4,4,4,'',1),(581,'A',1934,82,'70岁以上','C','I','青山区',14,'A','A','C','D',5,5,5,5,'',1),(582,'B',1917,99,'70岁以上','D','B','青山区',14,'A','A','D','D',4,4,4,4,'',1),(583,'B',1979,37,'31-40岁','D','C','青山区',14,'B','B','D','C',4,4,4,4,'',1),(584,'A',1955,61,'61-70岁','C','E','青山区',14,'A','A','B','B',5,5,5,5,'',1),(585,'B',1963,53,'51-60岁','C','A','青山区',14,'A','A','C','B',5,5,5,5,'',1),(586,'B',1973,43,'41-50岁','D','D','青山区',14,'A','A','E','D',4,4,3,4,'',1),(587,'B',1989,27,'21-30岁','E','B','青山区',14,'A','A','C','D',4,5,5,5,'',1),(588,'B',1987,29,'21-30岁','E','D','青山区',14,'A','A','D','E',4,4,5,5,'',1),(589,'A',1993,23,'21-30岁','E','G','青山区',14,'A','A','D','D',5,5,4,4,'',1),(590,'A',1983,33,'31-40岁','E','D','青山区',14,'A','A','B','B',4,5,4,4,'',1),(591,'B',1997,19,'20岁以下','E','H','青山区',14,'A','A','C','E',4,4,4,4,'',1),(592,'A',1992,24,'21-30岁','D','C','青山区',14,'A','A','E','E',4,4,5,5,'',1),(593,'B',1986,30,'21-30岁','E','C','青山区',14,'A','A','C','D',4,5,5,5,'',1),(594,'B',1985,31,'31-40岁','F','A','青山区',14,'A','A','B','C',5,4,5,5,'',1),(595,'A',1954,62,'61-70岁','C','C','青山区',14,'A','B','C','C',3,4,4,3,'',1),(596,'B',1981,35,'31-40岁','E','I','青山区',14,'A','A','E','E',1,4,5,5,'',1),(597,'A',1977,39,'31-40岁','D','B','青山区',14,'A','C','C','D',3,4,3,3,'',1),(598,'B',1972,44,'41-50岁','E','A','青山区',14,'A','B','C','B',5,5,5,5,'',1),(599,'B',1968,48,'41-50岁','C','D','青山区',14,'B','B','D','C',3,4,3,4,'',1),(600,'B',1963,53,'51-60岁','D','I','武昌区',5,'A','B','C','C',5,5,5,5,'',1),(601,'B',1985,31,'31-40岁','D','E','硚口区',12,'A','B','B','B',3,3,3,3,'',1),(602,'B',1962,54,'51-60岁','D','E','硚口区',12,'A','A','B','B',4,4,4,4,'',1),(603,'B',1997,19,'20岁以下','C','H','硚口区',12,'A','B','B','B',3,4,4,5,'',1),(604,'B',1976,40,'31-40岁','D','D','硚口区',12,'A','A','C','C',3,4,4,5,'',1),(605,'B',1970,46,'41-50岁','D','D','硚口区',12,'A','A','C','C',4,4,4,5,'',1),(606,'B',1984,32,'31-40岁','E','D','硚口区',12,'A','A','C','C',4,4,4,5,'',1),(607,'B',1979,37,'31-40岁','D','D','硚口区',12,'A','A','A','A',3,3,3,3,'',1),(608,'B',1976,40,'31-40岁','D','D','硚口区',12,'A','B','A','A',3,3,3,3,'',1),(609,'B',1983,33,'31-40岁','D','D','硚口区',12,'A','B','A','A',3,3,3,3,'',1),(610,'B',1982,34,'31-40岁','D','C','硚口区',12,'A','B','A','A',3,3,3,3,'',1),(611,'B',1980,36,'31-40岁','E','A','江汉区',10,'A','A','A','A',1,1,1,1,'',1),(612,'B',1979,37,'31-40岁','E','A','硚口区',12,'A','B','A','A',1,1,1,1,'',1),(613,'B',1968,48,'41-50岁','E','C','江汉区',10,'A','A','C','C',2,5,4,5,'',1),(614,'B',1968,48,'41-50岁','E','B','硚口区',12,'A','A','E','C',3,3,3,4,'',1),(615,'B',2000,16,'20岁以下','C','H','硚口区',12,'A','B','D','D',1,1,1,1,'',1),(616,'B',1958,58,'51-60岁','C','B','硚口区',12,'A','A','A','A',1,1,1,1,'',1),(617,'B',1968,48,'41-50岁','C','I','硚口区',12,'B','A','A','A',4,4,4,4,'',1),(618,'B',1963,53,'51-60岁','C','I','硚口区',12,'A','A','A','A',1,1,1,1,'',1),(619,'B',1973,43,'41-50岁','D','C','硚口区',12,'A','A','C','D',3,4,4,5,'',1),(620,'B',1993,23,'21-30岁','E','B','江岸区',9,'B','B','B','B',4,4,5,5,'',1),(621,'B',1949,67,'61-70岁','C','F','硚口区',12,'B','A','A','A',1,1,1,1,'',1),(622,'B',1960,56,'51-60岁','D','I','江汉区',10,'A','A','A','A',1,2,2,1,'',1),(623,'B',1990,26,'21-30岁','E','C','江汉区',10,'A','A','C','C',1,1,1,1,'',1),(624,'B',1982,34,'31-40岁','D','C','硚口区',12,'A','B','C','C',2,3,4,4,'',1),(625,'B',1990,26,'21-30岁','D','C','硚口区',12,'A','C','C','C',4,4,5,4,'',1),(626,'B',1995,21,'21-30岁','E','H','硚口区',12,'B','B','C','C',5,5,5,5,'',1),(627,'B',1981,35,'31-40岁','E','D','硚口区',12,'A','D','C','C',4,4,4,4,'',1),(628,'B',1990,26,'21-30岁','F','H','硚口区',12,'A','A','D','D',2,3,4,3,'',1),(629,'B',1964,52,'51-60岁','C','I','汉阳区',7,'A','A','A','A',1,1,1,1,'',1),(630,'B',1973,43,'41-50岁','D','C','江汉区',10,'A','A','A','A',1,1,1,1,'',1),(631,'A',1970,46,'41-50岁','E','A','江汉区',10,'A','A','D','B',4,2,3,4,'',1),(632,'A',1946,70,'61-70岁','C','A','硚口区',12,'A','A','C','B',4,4,4,5,'',1),(633,'A',1971,45,'41-50岁','E','D','硚口区',12,'A','D','D','D',2,4,5,5,'',1),(634,'A',1978,38,'31-40岁','D','B','硚口区',12,'A','A','C','C',3,4,5,5,'',1),(635,'A',1958,58,'51-60岁','C','C','硚口区',12,'A','B','B','B',4,4,4,5,'',1),(636,'A',1969,47,'41-50岁','D','I','汉阳区',7,'B','A','A','A',4,4,4,4,'',1),(637,'A',1974,42,'41-50岁','D','D','硚口区',12,'A','B','C','C',4,4,4,4,'',1),(638,'A',1985,31,'31-40岁','E','B','硚口区',12,'A','B','C','C',3,4,4,4,'',1),(639,'A',1968,48,'41-50岁','D','C','硚口区',12,'A','A','C','C',5,5,5,5,'',1),(640,'A',1941,75,'70岁以上','B','I','硚口区',12,'B','C','A','A',2,2,2,2,'',1),(641,'A',1968,48,'41-50岁','F','A','硚口区',12,'A','A','D','D',5,5,5,5,'',1),(642,'A',1953,63,'61-70岁','B','I','硚口区',12,'A','B','A','A',2,2,2,2,'',1),(643,'A',1986,30,'21-30岁','C','B','汉阳区',7,'A','A','C','C',5,5,5,5,'',1),(644,'A',1978,38,'31-40岁','D','C','硚口区',12,'A','B','B','B',2,3,4,3,'',1),(645,'A',1982,34,'31-40岁','D','C','江汉区',10,'A','A','A','A',3,3,3,3,'',1),(646,'A',1977,39,'31-40岁','D','C','硚口区',12,'B','B','A','A',1,1,1,1,'',1),(647,'A',1976,40,'31-40岁','E','C','汉阳区',7,'A','B','B','B',5,5,5,5,'',1),(648,'A',1978,38,'31-40岁','D','C','硚口区',12,'A','B','B','B',5,5,5,5,'',1),(649,'A',1968,48,'41-50岁','D','A','硚口区',12,'A','A','A','A',3,4,4,5,'',1),(650,'A',1982,34,'31-40岁','E','G','硚口区',12,'A','A','C','C',3,4,4,5,'',1),(651,'A',1986,30,'21-30岁','E','I','硚口区',12,'A','A','C','C',3,4,4,5,'',1),(652,'A',1998,18,'20岁以下','C','C','硚口区',12,'A','A','C','C',4,4,4,5,'',1),(653,'A',1974,42,'41-50岁','D','D','硚口区',12,'A','A','C','C',4,3,3,4,'',1),(654,'A',1982,34,'31-40岁','D','D','硚口区',12,'A','A','D','D',4,4,4,5,'',1),(655,'A',1980,36,'31-40岁','E','D','硚口区',12,'B','B','A','A',3,3,3,3,'',1),(656,'A',1983,33,'31-40岁','E','D','硚口区',12,'A','B','A','A',3,3,3,3,'',1),(657,'A',1982,34,'31-40岁','E','D','硚口区',12,'A','B','A','A',5,5,5,5,'',1),(658,'A',1981,35,'31-40岁','D','D','硚口区',12,'A','B','A','A',1,1,1,1,'',1),(659,'A',1940,76,'70岁以上','A','E','硚口区',12,'B','B','A','A',2,2,2,2,'',1),(660,'A',1955,61,'61-70岁','C','A','硚口区',12,'A','A','C','B',4,4,5,5,'',1),(661,'A',1974,42,'41-50岁','C','I','硚口区',12,'A','B','D','D',5,5,3,5,'',1),(662,'A',1971,45,'41-50岁','E','B','硚口区',12,'A','A','D','E',4,4,5,5,'',1),(663,'A',1950,66,'61-70岁','C','A','硚口区',12,'A','A','C','C',1,1,1,1,'',1),(664,'A',1948,68,'61-70岁','D','A','硚口区',12,'A','A','C','C',1,1,1,1,'',1),(665,'A',1960,56,'51-60岁','D','D','硚口区',12,'A','A','A','A',1,1,1,1,'',1),(666,'A',1995,21,'21-30岁','E','I','硚口区',12,'A','A','A','A',1,1,1,1,'',1),(667,'A',1945,71,'70岁以上','B','A','硚口区',12,'A','A','A','A',1,1,1,1,'',1),(668,'A',1962,54,'51-60岁','B','I','硚口区',12,'A','A','A','A',1,1,1,1,'',1),(669,'A',1940,76,'70岁以上','B','I','硚口区',12,'B','A','A','A',3,3,3,3,'',1),(670,'A',1988,28,'21-30岁','E','I','硚口区',12,'A','A','A','A',1,1,1,1,'',1),(671,'A',1953,63,'61-70岁','B','I','硚口区',12,'A','A','A','A',1,1,1,1,'',1),(672,'A',1964,52,'51-60岁','C','F','硚口区',12,'A','B','B','B',4,4,4,5,'',1),(673,'A',1990,26,'21-30岁','E','B','硚口区',12,'A','A','C','C',3,5,5,5,'',1),(674,'A',1959,57,'51-60岁','C','E','硚口区',12,'A','A','C','D',4,4,4,5,'',1),(675,'A',1958,58,'51-60岁','C','D','硚口区',12,'A','B','A','A',3,3,3,4,'',1),(676,'A',1976,40,'31-40岁','E','A','硚口区',12,'A','A','C','B',1,1,1,1,'',1),(677,'A',1951,65,'61-70岁','C','I','青山区',14,'B','A','A','A',1,1,1,1,'',1),(678,'A',1948,68,'61-70岁','C','I','江岸区',9,'A','C','D','E',5,5,5,5,'',1),(679,'A',1980,36,'31-40岁','E','I','硚口区',12,'A','A','D','C',2,4,4,4,'',1),(680,'A',1975,41,'41-50岁','D','D','硚口区',12,'A','B','E','E',3,2,4,5,'',1),(681,'A',1947,69,'61-70岁','B','I','硚口区',12,'A','B','C','C',1,1,1,1,'',1),(682,'A',1962,54,'51-60岁','C','C','硚口区',12,'A','B','B','B',4,4,4,4,'',1),(683,'A',1972,44,'41-50岁','D','D','硚口区',12,'A','A','B','C',4,4,4,5,'',1),(684,'A',1964,52,'51-60岁','C','F','硚口区',12,'B','B','B','B',3,3,3,3,'',1),(685,'A',1955,61,'61-70岁','C','A','硚口区',12,'A','A','C','C',4,4,5,5,'',1),(686,'A',1980,36,'31-40岁','D','C','硚口区',12,'A','B','A','A',4,4,4,4,'',1),(687,'B',2000,16,'20岁以下','C','H','硚口区',12,'A','B','C','B',3,4,4,5,'',1),(688,'B',1995,21,'21-30岁','E','H','硚口区',12,'A','A','B','B',4,4,4,5,'',1),(689,'B',1997,19,'20岁以下','D','H','江汉区',10,'A','B','C','C',1,1,1,1,'',1),(690,'B',1950,66,'61-70岁','B','I','硚口区',12,'B','A','A','A',3,3,3,3,'',1),(691,'B',1987,29,'21-30岁','E','C','硚口区',12,'A','A','B','B',3,3,4,4,'',1),(692,'B',1973,43,'41-50岁','D','D','硚口区',12,'A','B','A','A',5,5,4,5,'',1),(693,'B',1972,44,'41-50岁','E','I','江汉区',10,'A','A','C','C',5,4,5,5,'',1),(694,'B',1965,51,'51-60岁','E','B','汉阳区',7,'A','A','A','A',1,2,1,1,'',1),(695,'B',1978,38,'31-40岁','D','D','硚口区',12,'A','B','A','A',1,1,1,1,'',1),(696,'B',1981,35,'31-40岁','D','C','硚口区',12,'A','B','C','C',5,5,5,5,'',1),(697,'B',1974,42,'41-50岁','D','C','硚口区',12,'A','A','C','C',5,5,5,5,'',1),(698,'B',1977,39,'31-40岁','E','C','硚口区',12,'A','A','B','B',5,5,5,5,'',1),(699,'B',1977,39,'31-40岁','D','C','硚口区',12,'A','A','C','C',5,5,5,5,'',1);

#
# Structure for table "re_score"
#

CREATE TABLE `re_score` (
  `id` int(11) NOT NULL AUTO_INCREMENT,
  `level1` varchar(45) NOT NULL DEFAULT '' COMMENT '一级指标',
  `level2` varchar(45) NOT NULL DEFAULT '' COMMENT '二级指标',
  `level3` varchar(45) NOT NULL DEFAULT '' COMMENT '三级指标',
  `area` varchar(45) NOT NULL DEFAULT '' COMMENT '行政区',
  `score` int(11) NOT NULL DEFAULT '0' COMMENT '得分',
  `area_id` int(11) unsigned NOT NULL DEFAULT '0' COMMENT '行政区ID',
  PRIMARY KEY (`id`),
  KEY `area` (`area`)
) ENGINE=InnoDB AUTO_INCREMENT=1024 DEFAULT CHARSET=utf8 COMMENT='全民阅读得分表';

#
# Data for table "re_score"
#

INSERT INTO `re_score` VALUES (1,'基础建设','设施设置率','公共图书馆设置率','江岸区',1,9),(2,'基础建设','设施设置率','学校图书馆设置率','江岸区',1,9),(3,'基础建设','设施设置率','街道/社区图书馆设置率','江岸区',1,9),(4,'基础建设','设施设置率','企业图书馆设置率','江岸区',0,9),(5,'基础建设','设施设置率','机关部门/事业单位图书馆设置率','江岸区',0,9),(6,'基础建设','设施设置率','军警营图书馆/室设置率','江岸区',0,9),(7,'基础建设','设施设置率','书店设置率','江岸区',1,9),(8,'基础建设','文献资源','人均藏书量','江岸区',2,9),(9,'基础建设','阅读组织','阅读小组数量','江岸区',6,9),(10,'基础建设','阅读组织','十佳书友会','江岸区',3,9),(11,'基础建设','阅读组织','十大阅读基地','江岸区',3,9),(12,'服务系统','服务方式','自助图书馆','江岸区',2,9),(13,'服务系统','服务方式','通借通还','江岸区',1,9),(14,'服务系统','服务方式','图书流通车','江岸区',1,9),(15,'服务系统','服务方式','图书漂流点','江岸区',2,9),(16,'服务系统','服务宣传','新媒体宣传','江岸区',0,9),(17,'服务系统','服务宣传','新媒体宣传','江岸区',0,9),(18,'服务系统','服务宣传','户外氛围','江岸区',2,9),(19,'阅读活动','举办情况','参与人次','江岸区',2,9),(20,'阅读活动','举办情况','参与人数；参与人数增长率','江岸区',2,9),(21,'阅读活动','举办情况','品牌活动','江岸区',6,9),(22,'阅读活动','举办情况','活动层面','江岸区',4,9),(23,'阅读活动','举办情况','资料台帐','江岸区',2,9),(24,'阅读活动','举办情况','资料台帐','江岸区',2,9),(25,'阅读活动','举办情况','资料台帐','江岸区',2,9),(26,'阅读活动','举办情况','资料台帐','江岸区',2,9),(27,'阅读活动','举办情况','资料台帐','江岸区',2,9),(28,'阅读活动','举办情况','资料台帐','江岸区',3,9),(29,'阅读绩效','利用情况','人均访问量','江岸区',1,9),(30,'阅读绩效','利用情况','人均外借书刊文献册数','江岸区',2,9),(31,'阅读绩效','利用情况','电子阅读平台访问量','江岸区',0,9),(32,'阅读绩效','利用情况','市民对“读书之城”的认知度','江岸区',2,9),(33,'阅读绩效','利用情况','抽样调查当年人均购书消费','江岸区',2,9),(34,'阅读绩效','满意度情况','设施满意度','江岸区',2,9),(35,'阅读绩效','满意度情况','资源满意度','江岸区',2,9),(36,'阅读绩效','满意度情况','环境满意度','江岸区',2,9),(37,'阅读绩效','满意度情况','服务满意度','江岸区',2,9),(38,'保障措施','政策保障','政策指导','江岸区',0,9),(39,'保障措施','政策保障','组织领导','江岸区',3,9),(40,'保障措施','政策保障','专家指导','江岸区',3,9),(41,'保障措施','人员保障','员工数量','江岸区',0,9),(42,'保障措施','人员保障','培训教育','江岸区',3,9),(43,'保障措施','人员保障','岗位津贴','江岸区',0,9),(44,'保障措施','经费保障','经费扶持机制','江岸区',3,9),(45,'保障措施','经费保障','活动专项资金','江岸区',0,9),(46,'保障措施','经费保障','多元投入','江岸区',0,9),(47,'基础建设','设施设置率','公共图书馆设置率','江汉区',1,10),(48,'基础建设','设施设置率','学校图书馆设置率','江汉区',0,10),(49,'基础建设','设施设置率','街道/社区图书馆设置率','江汉区',1,10),(50,'基础建设','设施设置率','企业图书馆设置率','江汉区',0,10),(51,'基础建设','设施设置率','机关部门/事业单位图书馆设置率','江汉区',0,10),(52,'基础建设','设施设置率','军警营图书馆/室设置率','江汉区',0,10),(53,'基础建设','设施设置率','书店设置率','江汉区',1,10),(54,'基础建设','文献资源','人均藏书量','江汉区',2,10),(55,'基础建设','阅读组织','阅读小组数量','江汉区',6,10),(56,'基础建设','阅读组织','十佳书友会','江汉区',0,10),(57,'基础建设','阅读组织','十大阅读基地','江汉区',0,10),(58,'服务系统','服务方式','自助图书馆','江汉区',2,10),(59,'服务系统','服务方式','通借通还','江汉区',1,10),(60,'服务系统','服务方式','图书流通车','江汉区',1,10),(61,'服务系统','服务方式','图书漂流点','江汉区',0,10),(62,'服务系统','服务宣传','新媒体宣传','江汉区',0,10),(63,'服务系统','服务宣传','新媒体宣传','江汉区',0,10),(64,'服务系统','服务宣传','户外氛围','江汉区',0,10),(65,'阅读活动','举办情况','参与人次','江汉区',2,10),(66,'阅读活动','举办情况','参与人数；参与人数增长率','江汉区',2,10),(67,'阅读活动','举办情况','品牌活动','江汉区',6,10),(68,'阅读活动','举办情况','活动层面','江汉区',4,10),(69,'阅读活动','举办情况','资料台帐','江汉区',2,10),(70,'阅读活动','举办情况','资料台帐','江汉区',2,10),(71,'阅读活动','举办情况','资料台帐','江汉区',2,10),(72,'阅读活动','举办情况','资料台帐','江汉区',2,10),(73,'阅读活动','举办情况','资料台帐','江汉区',2,10),(74,'阅读活动','举办情况','资料台帐','江汉区',0,10),(75,'阅读绩效','利用情况','人均访问量','江汉区',0,10),(76,'阅读绩效','利用情况','人均外借书刊文献册数','江汉区',0,10),(77,'阅读绩效','利用情况','电子阅读平台访问量','江汉区',2,10),(78,'阅读绩效','利用情况','市民对“读书之城”的认知度','江汉区',2,10),(79,'阅读绩效','利用情况','抽样调查当年人均购书消费','江汉区',2,10),(80,'阅读绩效','满意度情况','设施满意度','江汉区',1,10),(81,'阅读绩效','满意度情况','资源满意度','江汉区',1,10),(82,'阅读绩效','满意度情况','环境满意度','江汉区',1,10),(83,'阅读绩效','满意度情况','服务满意度','江汉区',1,10),(84,'保障措施','政策保障','政策指导','江汉区',0,10),(85,'保障措施','政策保障','组织领导','江汉区',0,10),(86,'保障措施','政策保障','专家指导','江汉区',0,10),(87,'保障措施','人员保障','员工数量','江汉区',0,10),(88,'保障措施','人员保障','培训教育','江汉区',3,10),(89,'保障措施','人员保障','岗位津贴','江汉区',0,10),(90,'保障措施','经费保障','经费扶持机制','江汉区',0,10),(91,'保障措施','经费保障','活动专项资金','江汉区',0,10),(92,'保障措施','经费保障','多元投入','江汉区',0,10),(93,'基础建设','设施设置率','公共图书馆设置率','硚口区',1,12),(94,'基础建设','设施设置率','学校图书馆设置率','硚口区',1,12),(95,'基础建设','设施设置率','街道/社区图书馆设置率','硚口区',1,12),(96,'基础建设','设施设置率','企业图书馆设置率','硚口区',1,12),(97,'基础建设','设施设置率','机关部门/事业单位图书馆设置率','硚口区',1,12),(98,'基础建设','设施设置率','军警营图书馆/室设置率','硚口区',1,12),(99,'基础建设','设施设置率','书店设置率','硚口区',0,12),(100,'基础建设','文献资源','人均藏书量','硚口区',0,12),(101,'基础建设','阅读组织','阅读小组数量','硚口区',0,12),(102,'基础建设','阅读组织','十佳书友会','硚口区',1,12),(103,'基础建设','阅读组织','十大阅读基地','硚口区',0,12),(104,'服务系统','服务方式','自助图书馆','硚口区',2,12),(105,'服务系统','服务方式','通借通还','硚口区',1,12),(106,'服务系统','服务方式','图书流通车','硚口区',0,12),(107,'服务系统','服务方式','图书漂流点','硚口区',2,12),(108,'服务系统','服务宣传','新媒体宣传','硚口区',0,12),(109,'服务系统','服务宣传','新媒体宣传','硚口区',0,12),(110,'服务系统','服务宣传','户外氛围','硚口区',2,12),(111,'阅读活动','举办情况','参与人次','硚口区',0,12),(112,'阅读活动','举办情况','参与人数；参与人数增长率','硚口区',0,12),(113,'阅读活动','举办情况','品牌活动','硚口区',2,12),(114,'阅读活动','举办情况','活动层面','硚口区',4,12),(115,'阅读活动','举办情况','资料台帐','硚口区',2,12),(116,'阅读活动','举办情况','资料台帐','硚口区',2,12),(117,'阅读活动','举办情况','资料台帐','硚口区',2,12),(118,'阅读活动','举办情况','资料台帐','硚口区',2,12),(119,'阅读活动','举办情况','资料台帐','硚口区',2,12),(120,'阅读活动','举办情况','资料台帐','硚口区',0,12),(121,'阅读绩效','利用情况','人均访问量','硚口区',0,12),(122,'阅读绩效','利用情况','人均外借书刊文献册数','硚口区',0,12),(123,'阅读绩效','利用情况','电子阅读平台访问量','硚口区',0,12),(124,'阅读绩效','利用情况','市民对“读书之城”的认知度','硚口区',2,12),(125,'阅读绩效','利用情况','抽样调查当年人均购书消费','硚口区',2,12),(126,'阅读绩效','满意度情况','设施满意度','硚口区',0,12),(127,'阅读绩效','满意度情况','资源满意度','硚口区',0,12),(128,'阅读绩效','满意度情况','环境满意度','硚口区',0,12),(129,'阅读绩效','满意度情况','服务满意度','硚口区',0,12),(130,'保障措施','政策保障','政策指导','硚口区',3,12),(131,'保障措施','政策保障','组织领导','硚口区',3,12),(132,'保障措施','政策保障','专家指导','硚口区',3,12),(133,'保障措施','人员保障','员工数量','硚口区',0,12),(134,'保障措施','人员保障','培训教育','硚口区',0,12),(135,'保障措施','人员保障','岗位津贴','硚口区',3,12),(136,'保障措施','经费保障','经费扶持机制','硚口区',0,12),(137,'保障措施','经费保障','活动专项资金','硚口区',0,12),(138,'保障措施','经费保障','多元投入','硚口区',3,12),(139,'基础建设','设施设置率','公共图书馆设置率','汉阳区',1,7),(140,'基础建设','设施设置率','学校图书馆设置率','汉阳区',1,7),(141,'基础建设','设施设置率','街道/社区图书馆设置率','汉阳区',1,7),(142,'基础建设','设施设置率','企业图书馆设置率','汉阳区',0,7),(143,'基础建设','设施设置率','机关部门/事业单位图书馆设置率','汉阳区',0,7),(144,'基础建设','设施设置率','军警营图书馆/室设置率','汉阳区',1,7),(145,'基础建设','设施设置率','书店设置率','汉阳区',1,7),(146,'基础建设','文献资源','人均藏书量','汉阳区',0,7),(147,'基础建设','阅读组织','阅读小组数量','汉阳区',0,7),(148,'基础建设','阅读组织','十佳书友会','汉阳区',0,7),(149,'基础建设','阅读组织','十大阅读基地','汉阳区',1,7),(150,'服务系统','服务方式','自助图书馆','汉阳区',2,7),(151,'服务系统','服务方式','通借通还','汉阳区',1,7),(152,'服务系统','服务方式','图书流通车','汉阳区',0,7),(153,'服务系统','服务方式','图书漂流点','汉阳区',1,7),(154,'服务系统','服务宣传','新媒体宣传','汉阳区',0,7),(155,'服务系统','服务宣传','新媒体宣传','汉阳区',0,7),(156,'服务系统','服务宣传','户外氛围','汉阳区',2,7),(157,'阅读活动','举办情况','参与人次','汉阳区',1,7),(158,'阅读活动','举办情况','参与人数；参与人数增长率','汉阳区',2,7),(159,'阅读活动','举办情况','品牌活动','汉阳区',3,7),(160,'阅读活动','举办情况','活动层面','汉阳区',4,7),(161,'阅读活动','举办情况','资料台帐','汉阳区',2,7),(162,'阅读活动','举办情况','资料台帐','汉阳区',2,7),(163,'阅读活动','举办情况','资料台帐','汉阳区',2,7),(164,'阅读活动','举办情况','资料台帐','汉阳区',2,7),(165,'阅读活动','举办情况','资料台帐','汉阳区',2,7),(166,'阅读活动','举办情况','资料台帐','汉阳区',0,7),(167,'阅读绩效','利用情况','人均访问量','汉阳区',0,7),(168,'阅读绩效','利用情况','人均外借书刊文献册数','汉阳区',0,7),(169,'阅读绩效','利用情况','电子阅读平台访问量','汉阳区',0,7),(170,'阅读绩效','利用情况','市民对“读书之城”的认知度','汉阳区',2,7),(171,'阅读绩效','利用情况','抽样调查当年人均购书消费','汉阳区',1,7),(172,'阅读绩效','满意度情况','设施满意度','汉阳区',1,7),(173,'阅读绩效','满意度情况','资源满意度','汉阳区',1,7),(174,'阅读绩效','满意度情况','环境满意度','汉阳区',1,7),(175,'阅读绩效','满意度情况','服务满意度','汉阳区',1,7),(176,'保障措施','政策保障','政策指导','汉阳区',0,7),(177,'保障措施','政策保障','组织领导','汉阳区',0,7),(178,'保障措施','政策保障','专家指导','汉阳区',0,7),(179,'保障措施','人员保障','员工数量','汉阳区',0,7),(180,'保障措施','人员保障','培训教育','汉阳区',3,7),(181,'保障措施','人员保障','岗位津贴','汉阳区',0,7),(182,'保障措施','经费保障','经费扶持机制','汉阳区',0,7),(183,'保障措施','经费保障','活动专项资金','汉阳区',0,7),(184,'保障措施','经费保障','多元投入','汉阳区',0,7),(185,'基础建设','设施设置率','公共图书馆设置率','武昌区',1,5),(186,'基础建设','设施设置率','学校图书馆设置率','武昌区',0,5),(187,'基础建设','设施设置率','街道/社区图书馆设置率','武昌区',1,5),(188,'基础建设','设施设置率','企业图书馆设置率','武昌区',0,5),(189,'基础建设','设施设置率','机关部门/事业单位图书馆设置率','武昌区',0,5),(190,'基础建设','设施设置率','军警营图书馆/室设置率','武昌区',0,5),(191,'基础建设','设施设置率','书店设置率','武昌区',0,5),(192,'基础建设','文献资源','人均藏书量','武昌区',2,5),(193,'基础建设','阅读组织','阅读小组数量','武昌区',0,5),(194,'基础建设','阅读组织','十佳书友会','武昌区',0,5),(195,'基础建设','阅读组织','十大阅读基地','武昌区',3,5),(196,'服务系统','服务方式','自助图书馆','武昌区',2,5),(197,'服务系统','服务方式','通借通还','武昌区',1,5),(198,'服务系统','服务方式','图书流通车','武昌区',1,5),(199,'服务系统','服务方式','图书漂流点','武昌区',0,5),(200,'服务系统','服务宣传','新媒体宣传','武昌区',0,5),(201,'服务系统','服务宣传','新媒体宣传','武昌区',3,5),(202,'服务系统','服务宣传','户外氛围','武昌区',0,5),(203,'阅读活动','举办情况','参与人次','武昌区',2,5),(204,'阅读活动','举办情况','参与人数；参与人数增长率','武昌区',2,5),(205,'阅读活动','举办情况','品牌活动','武昌区',5,5),(206,'阅读活动','举办情况','活动层面','武昌区',4,5),(207,'阅读活动','举办情况','资料台帐','武昌区',2,5),(208,'阅读活动','举办情况','资料台帐','武昌区',2,5),(209,'阅读活动','举办情况','资料台帐','武昌区',2,5),(210,'阅读活动','举办情况','资料台帐','武昌区',2,5),(211,'阅读活动','举办情况','资料台帐','武昌区',2,5),(212,'阅读活动','举办情况','资料台帐','武昌区',3,5),(213,'阅读绩效','利用情况','人均访问量','武昌区',2,5),(214,'阅读绩效','利用情况','人均外借书刊文献册数','武昌区',1,5),(215,'阅读绩效','利用情况','电子阅读平台访问量','武昌区',2,5),(216,'阅读绩效','利用情况','市民对“读书之城”的认知度','武昌区',2,5),(217,'阅读绩效','利用情况','抽样调查当年人均购书消费','武昌区',2,5),(218,'阅读绩效','满意度情况','设施满意度','武昌区',2,5),(219,'阅读绩效','满意度情况','资源满意度','武昌区',2,5),(220,'阅读绩效','满意度情况','环境满意度','武昌区',2,5),(221,'阅读绩效','满意度情况','服务满意度','武昌区',2,5),(222,'保障措施','政策保障','政策指导','武昌区',0,5),(223,'保障措施','政策保障','组织领导','武昌区',0,5),(224,'保障措施','政策保障','专家指导','武昌区',0,5),(225,'保障措施','人员保障','员工数量','武昌区',0,5),(226,'保障措施','人员保障','培训教育','武昌区',0,5),(227,'保障措施','人员保障','岗位津贴','武昌区',0,5),(228,'保障措施','经费保障','经费扶持机制','武昌区',0,5),(229,'保障措施','经费保障','活动专项资金','武昌区',0,5),(230,'保障措施','经费保障','多元投入','武昌区',3,5),(231,'基础建设','设施设置率','公共图书馆设置率','青山区',1,14),(232,'基础建设','设施设置率','学校图书馆设置率','青山区',0,14),(233,'基础建设','设施设置率','街道/社区图书馆设置率','青山区',1,14),(234,'基础建设','设施设置率','企业图书馆设置率','青山区',0,14),(235,'基础建设','设施设置率','机关部门/事业单位图书馆设置率','青山区',0,14),(236,'基础建设','设施设置率','军警营图书馆/室设置率','青山区',1,14),(237,'基础建设','设施设置率','书店设置率','青山区',1,14),(238,'基础建设','文献资源','人均藏书量','青山区',0,14),(239,'基础建设','阅读组织','阅读小组数量','青山区',6,14),(240,'基础建设','阅读组织','十佳书友会','青山区',1,14),(241,'基础建设','阅读组织','十大阅读基地','青山区',0,14),(242,'服务系统','服务方式','自助图书馆','青山区',1,14),(243,'服务系统','服务方式','通借通还','青山区',1,14),(244,'服务系统','服务方式','图书流通车','青山区',1,14),(245,'服务系统','服务方式','图书漂流点','青山区',0,14),(246,'服务系统','服务宣传','新媒体宣传','青山区',0,14),(247,'服务系统','服务宣传','新媒体宣传','青山区',0,14),(248,'服务系统','服务宣传','户外氛围','青山区',4,14),(249,'阅读活动','举办情况','参与人次','青山区',2,14),(250,'阅读活动','举办情况','参与人数；参与人数增长率','青山区',2,14),(251,'阅读活动','举办情况','品牌活动','青山区',0,14),(252,'阅读活动','举办情况','活动层面','青山区',4,14),(253,'阅读活动','举办情况','资料台帐','青山区',2,14),(254,'阅读活动','举办情况','资料台帐','青山区',2,14),(255,'阅读活动','举办情况','资料台帐','青山区',2,14),(256,'阅读活动','举办情况','资料台帐','青山区',2,14),(257,'阅读活动','举办情况','资料台帐','青山区',2,14),(258,'阅读活动','举办情况','资料台帐','青山区',0,14),(259,'阅读绩效','利用情况','人均访问量','青山区',0,14),(260,'阅读绩效','利用情况','人均外借书刊文献册数','青山区',0,14),(261,'阅读绩效','利用情况','电子阅读平台访问量','青山区',0,14),(262,'阅读绩效','利用情况','市民对“读书之城”的认知度','青山区',2,14),(263,'阅读绩效','利用情况','抽样调查当年人均购书消费','青山区',2,14),(264,'阅读绩效','满意度情况','设施满意度','青山区',0,14),(265,'阅读绩效','满意度情况','资源满意度','青山区',2,14),(266,'阅读绩效','满意度情况','环境满意度','青山区',2,14),(267,'阅读绩效','满意度情况','服务满意度','青山区',2,14),(268,'保障措施','政策保障','政策指导','青山区',0,14),(269,'保障措施','政策保障','组织领导','青山区',3,14),(270,'保障措施','政策保障','专家指导','青山区',3,14),(271,'保障措施','人员保障','员工数量','青山区',3,14),(272,'保障措施','人员保障','培训教育','青山区',0,14),(273,'保障措施','人员保障','岗位津贴','青山区',0,14),(274,'保障措施','经费保障','经费扶持机制','青山区',3,14),(275,'保障措施','经费保障','活动专项资金','青山区',1,14),(276,'保障措施','经费保障','多元投入','青山区',3,14),(277,'基础建设','设施设置率','公共图书馆设置率','洪山区',1,11),(278,'基础建设','设施设置率','学校图书馆设置率','洪山区',0,11),(279,'基础建设','设施设置率','街道/社区图书馆设置率','洪山区',1,11),(280,'基础建设','设施设置率','企业图书馆设置率','洪山区',0,11),(281,'基础建设','设施设置率','机关部门/事业单位图书馆设置率','洪山区',0,11),(282,'基础建设','设施设置率','军警营图书馆/室设置率','洪山区',0,11),(283,'基础建设','设施设置率','书店设置率','洪山区',1,11),(284,'基础建设','文献资源','人均藏书量','洪山区',0,11),(285,'基础建设','阅读组织','阅读小组数量','洪山区',0,11),(286,'基础建设','阅读组织','十佳书友会','洪山区',0,11),(287,'基础建设','阅读组织','十大阅读基地','洪山区',0,11),(288,'服务系统','服务方式','自助图书馆','洪山区',2,11),(289,'服务系统','服务方式','通借通还','洪山区',1,11),(290,'服务系统','服务方式','图书流通车','洪山区',0,11),(291,'服务系统','服务方式','图书漂流点','洪山区',0,11),(292,'服务系统','服务宣传','新媒体宣传','洪山区',0,11),(293,'服务系统','服务宣传','新媒体宣传','洪山区',0,11),(294,'服务系统','服务宣传','户外氛围','洪山区',0,11),(295,'阅读活动','举办情况','参与人次','洪山区',0,11),(296,'阅读活动','举办情况','参与人数；参与人数增长率','洪山区',0,11),(297,'阅读活动','举办情况','品牌活动','洪山区',2,11),(298,'阅读活动','举办情况','活动层面','洪山区',4,11),(299,'阅读活动','举办情况','资料台帐','洪山区',2,11),(300,'阅读活动','举办情况','资料台帐','洪山区',2,11),(301,'阅读活动','举办情况','资料台帐','洪山区',2,11),(302,'阅读活动','举办情况','资料台帐','洪山区',2,11),(303,'阅读活动','举办情况','资料台帐','洪山区',2,11),(304,'阅读活动','举办情况','资料台帐','洪山区',0,11),(305,'阅读绩效','利用情况','人均访问量','洪山区',0,11),(306,'阅读绩效','利用情况','人均外借书刊文献册数','洪山区',0,11),(307,'阅读绩效','利用情况','电子阅读平台访问量','洪山区',0,11),(308,'阅读绩效','利用情况','市民对“读书之城”的认知度','洪山区',2,11),(309,'阅读绩效','利用情况','抽样调查当年人均购书消费','洪山区',2,11),(310,'阅读绩效','满意度情况','设施满意度','洪山区',2,11),(311,'阅读绩效','满意度情况','资源满意度','洪山区',2,11),(312,'阅读绩效','满意度情况','环境满意度','洪山区',2,11),(313,'阅读绩效','满意度情况','服务满意度','洪山区',2,11),(314,'保障措施','政策保障','政策指导','洪山区',0,11),(315,'保障措施','政策保障','组织领导','洪山区',0,11),(316,'保障措施','政策保障','专家指导','洪山区',0,11),(317,'保障措施','人员保障','员工数量','洪山区',0,11),(318,'保障措施','人员保障','培训教育','洪山区',3,11),(319,'保障措施','人员保障','岗位津贴','洪山区',0,11),(320,'保障措施','经费保障','经费扶持机制','洪山区',0,11),(321,'保障措施','经费保障','活动专项资金','洪山区',0,11),(322,'保障措施','经费保障','多元投入','洪山区',0,11),(323,'基础建设','设施设置率','公共图书馆设置率','蔡甸区',1,13),(324,'基础建设','设施设置率','学校图书馆设置率','蔡甸区',0,13),(325,'基础建设','设施设置率','街道/社区图书馆设置率','蔡甸区',1,13),(326,'基础建设','设施设置率','企业图书馆设置率','蔡甸区',0,13),(327,'基础建设','设施设置率','机关部门/事业单位图书馆设置率','蔡甸区',0,13),(328,'基础建设','设施设置率','军警营图书馆/室设置率','蔡甸区',1,13),(329,'基础建设','设施设置率','书店设置率','蔡甸区',0,13),(330,'基础建设','文献资源','人均藏书量','蔡甸区',0,13),(331,'基础建设','阅读组织','阅读小组数量','蔡甸区',0,13),(332,'基础建设','阅读组织','十佳书友会','蔡甸区',1,13),(333,'基础建设','阅读组织','十大阅读基地','蔡甸区',0,13),(334,'服务系统','服务方式','自助图书馆','蔡甸区',2,13),(335,'服务系统','服务方式','通借通还','蔡甸区',1,13),(336,'服务系统','服务方式','图书流通车','蔡甸区',1,13),(337,'服务系统','服务方式','图书漂流点','蔡甸区',1,13),(338,'服务系统','服务宣传','新媒体宣传','蔡甸区',0,13),(339,'服务系统','服务宣传','新媒体宣传','蔡甸区',0,13),(340,'服务系统','服务宣传','户外氛围','蔡甸区',4,13),(341,'阅读活动','举办情况','参与人次','蔡甸区',2,13),(342,'阅读活动','举办情况','参与人数；参与人数增长率','蔡甸区',2,13),(343,'阅读活动','举办情况','品牌活动','蔡甸区',5,13),(344,'阅读活动','举办情况','活动层面','蔡甸区',4,13),(345,'阅读活动','举办情况','资料台帐','蔡甸区',2,13),(346,'阅读活动','举办情况','资料台帐','蔡甸区',2,13),(347,'阅读活动','举办情况','资料台帐','蔡甸区',2,13),(348,'阅读活动','举办情况','资料台帐','蔡甸区',2,13),(349,'阅读活动','举办情况','资料台帐','蔡甸区',2,13),(350,'阅读活动','举办情况','资料台帐','蔡甸区',0,13),(351,'阅读绩效','利用情况','人均访问量','蔡甸区',0,13),(352,'阅读绩效','利用情况','人均外借书刊文献册数','蔡甸区',0,13),(353,'阅读绩效','利用情况','电子阅读平台访问量','蔡甸区',0,13),(354,'阅读绩效','利用情况','市民对“读书之城”的认知度','蔡甸区',2,13),(355,'阅读绩效','利用情况','抽样调查当年人均购书消费','蔡甸区',2,13),(356,'阅读绩效','满意度情况','设施满意度','蔡甸区',2,13),(357,'阅读绩效','满意度情况','资源满意度','蔡甸区',2,13),(358,'阅读绩效','满意度情况','环境满意度','蔡甸区',2,13),(359,'阅读绩效','满意度情况','服务满意度','蔡甸区',2,13),(360,'保障措施','政策保障','政策指导','蔡甸区',3,13),(361,'保障措施','政策保障','组织领导','蔡甸区',3,13),(362,'保障措施','政策保障','专家指导','蔡甸区',0,13),(363,'保障措施','人员保障','员工数量','蔡甸区',0,13),(364,'保障措施','人员保障','培训教育','蔡甸区',3,13),(365,'保障措施','人员保障','岗位津贴','蔡甸区',0,13),(366,'保障措施','经费保障','经费扶持机制','蔡甸区',3,13),(367,'保障措施','经费保障','活动专项资金','蔡甸区',1,13),(368,'保障措施','经费保障','多元投入','蔡甸区',3,13),(369,'基础建设','设施设置率','公共图书馆设置率','黄陂区',1,15),(370,'基础建设','设施设置率','学校图书馆设置率','黄陂区',0,15),(371,'基础建设','设施设置率','街道/社区图书馆设置率','黄陂区',1,15),(372,'基础建设','设施设置率','企业图书馆设置率','黄陂区',1,15),(373,'基础建设','设施设置率','机关部门/事业单位图书馆设置率','黄陂区',0,15),(374,'基础建设','设施设置率','军警营图书馆/室设置率','黄陂区',0,15),(375,'基础建设','设施设置率','书店设置率','黄陂区',1,15),(376,'基础建设','文献资源','人均藏书量','黄陂区',0,15),(377,'基础建设','阅读组织','阅读小组数量','黄陂区',0,15),(378,'基础建设','阅读组织','十佳书友会','黄陂区',0,15),(379,'基础建设','阅读组织','十大阅读基地','黄陂区',0,15),(380,'服务系统','服务方式','自助图书馆','黄陂区',2,15),(381,'服务系统','服务方式','通借通还','黄陂区',1,15),(382,'服务系统','服务方式','图书流通车','黄陂区',1,15),(383,'服务系统','服务方式','图书漂流点','黄陂区',1,15),(384,'服务系统','服务宣传','新媒体宣传','黄陂区',0,15),(385,'服务系统','服务宣传','新媒体宣传','黄陂区',0,15),(386,'服务系统','服务宣传','户外氛围','黄陂区',2,15),(387,'阅读活动','举办情况','参与人次','黄陂区',1,15),(388,'阅读活动','举办情况','参与人数；参与人数增长率','黄陂区',2,15),(389,'阅读活动','举办情况','品牌活动','黄陂区',5,15),(390,'阅读活动','举办情况','活动层面','黄陂区',4,15),(391,'阅读活动','举办情况','资料台帐','黄陂区',2,15),(392,'阅读活动','举办情况','资料台帐','黄陂区',2,15),(393,'阅读活动','举办情况','资料台帐','黄陂区',2,15),(394,'阅读活动','举办情况','资料台帐','黄陂区',2,15),(395,'阅读活动','举办情况','资料台帐','黄陂区',2,15),(396,'阅读活动','举办情况','资料台帐','黄陂区',0,15),(397,'阅读绩效','利用情况','人均访问量','黄陂区',0,15),(398,'阅读绩效','利用情况','人均外借书刊文献册数','黄陂区',0,15),(399,'阅读绩效','利用情况','电子阅读平台访问量','黄陂区',0,15),(400,'阅读绩效','利用情况','市民对“读书之城”的认知度','黄陂区',2,15),(401,'阅读绩效','利用情况','抽样调查当年人均购书消费','黄陂区',2,15),(402,'阅读绩效','满意度情况','设施满意度','黄陂区',2,15),(403,'阅读绩效','满意度情况','资源满意度','黄陂区',2,15),(404,'阅读绩效','满意度情况','环境满意度','黄陂区',2,15),(405,'阅读绩效','满意度情况','服务满意度','黄陂区',2,15),(406,'保障措施','政策保障','政策指导','黄陂区',3,15),(407,'保障措施','政策保障','组织领导','黄陂区',3,15),(408,'保障措施','政策保障','专家指导','黄陂区',3,15),(409,'保障措施','人员保障','员工数量','黄陂区',0,15),(410,'保障措施','人员保障','培训教育','黄陂区',0,15),(411,'保障措施','人员保障','岗位津贴','黄陂区',0,15),(412,'保障措施','经费保障','经费扶持机制','黄陂区',3,15),(413,'保障措施','经费保障','活动专项资金','黄陂区',0,15),(414,'保障措施','经费保障','多元投入','黄陂区',3,15),(415,'基础建设','设施设置率','公共图书馆设置率','新洲区',1,4),(416,'基础建设','设施设置率','学校图书馆设置率','新洲区',0,4),(417,'基础建设','设施设置率','街道/社区图书馆设置率','新洲区',1,4),(418,'基础建设','设施设置率','企业图书馆设置率','新洲区',0,4),(419,'基础建设','设施设置率','机关部门/事业单位图书馆设置率','新洲区',0,4),(420,'基础建设','设施设置率','军警营图书馆/室设置率','新洲区',1,4),(421,'基础建设','设施设置率','书店设置率','新洲区',1,4),(422,'基础建设','文献资源','人均藏书量','新洲区',1,4),(423,'基础建设','阅读组织','阅读小组数量','新洲区',0,4),(424,'基础建设','阅读组织','十佳书友会','新洲区',0,4),(425,'基础建设','阅读组织','十大阅读基地','新洲区',3,4),(426,'服务系统','服务方式','自助图书馆','新洲区',2,4),(427,'服务系统','服务方式','通借通还','新洲区',1,4),(428,'服务系统','服务方式','图书流通车','新洲区',1,4),(429,'服务系统','服务方式','图书漂流点','新洲区',2,4),(430,'服务系统','服务宣传','新媒体宣传','新洲区',2,4),(431,'服务系统','服务宣传','新媒体宣传','新洲区',0,4),(432,'服务系统','服务宣传','户外氛围','新洲区',2,4),(433,'阅读活动','举办情况','参与人次','新洲区',2,4),(434,'阅读活动','举办情况','参与人数；参与人数增长率','新洲区',2,4),(435,'阅读活动','举办情况','品牌活动','新洲区',5,4),(436,'阅读活动','举办情况','活动层面','新洲区',4,4),(437,'阅读活动','举办情况','资料台帐','新洲区',2,4),(438,'阅读活动','举办情况','资料台帐','新洲区',2,4),(439,'阅读活动','举办情况','资料台帐','新洲区',2,4),(440,'阅读活动','举办情况','资料台帐','新洲区',2,4),(441,'阅读活动','举办情况','资料台帐','新洲区',2,4),(442,'阅读活动','举办情况','资料台帐','新洲区',3,4),(443,'阅读绩效','利用情况','人均访问量','新洲区',1,4),(444,'阅读绩效','利用情况','人均外借书刊文献册数','新洲区',1,4),(445,'阅读绩效','利用情况','电子阅读平台访问量','新洲区',2,4),(446,'阅读绩效','利用情况','市民对“读书之城”的认知度','新洲区',2,4),(447,'阅读绩效','利用情况','抽样调查当年人均购书消费','新洲区',2,4),(448,'阅读绩效','满意度情况','设施满意度','新洲区',1,4),(449,'阅读绩效','满意度情况','资源满意度','新洲区',1,4),(450,'阅读绩效','满意度情况','环境满意度','新洲区',1,4),(451,'阅读绩效','满意度情况','服务满意度','新洲区',2,4),(452,'保障措施','政策保障','政策指导','新洲区',3,4),(453,'保障措施','政策保障','组织领导','新洲区',3,4),(454,'保障措施','政策保障','专家指导','新洲区',3,4),(455,'保障措施','人员保障','员工数量','新洲区',3,4),(456,'保障措施','人员保障','培训教育','新洲区',0,4),(457,'保障措施','人员保障','岗位津贴','新洲区',0,4),(458,'保障措施','经费保障','经费扶持机制','新洲区',0,4),(459,'保障措施','经费保障','活动专项资金','新洲区',3,4),(460,'保障措施','经费保障','多元投入','新洲区',3,4),(461,'基础建设','设施设置率','公共图书馆设置率','东西湖区',1,3),(462,'基础建设','设施设置率','学校图书馆设置率','东西湖区',1,3),(463,'基础建设','设施设置率','街道/社区图书馆设置率','东西湖区',1,3),(464,'基础建设','设施设置率','企业图书馆设置率','东西湖区',1,3),(465,'基础建设','设施设置率','机关部门/事业单位图书馆设置率','东西湖区',0,3),(466,'基础建设','设施设置率','军警营图书馆/室设置率','东西湖区',1,3),(467,'基础建设','设施设置率','书店设置率','东西湖区',1,3),(468,'基础建设','文献资源','人均藏书量','东西湖区',0,3),(469,'基础建设','阅读组织','阅读小组数量','东西湖区',0,3),(470,'基础建设','阅读组织','十佳书友会','东西湖区',3,3),(471,'基础建设','阅读组织','十大阅读基地','东西湖区',3,3),(472,'服务系统','服务方式','自助图书馆','东西湖区',2,3),(473,'服务系统','服务方式','通借通还','东西湖区',1,3),(474,'服务系统','服务方式','图书流通车','东西湖区',0,3),(475,'服务系统','服务方式','图书漂流点','东西湖区',0,3),(476,'服务系统','服务宣传','新媒体宣传','东西湖区',0,3),(477,'服务系统','服务宣传','新媒体宣传','东西湖区',0,3),(478,'服务系统','服务宣传','户外氛围','东西湖区',2,3),(479,'阅读活动','举办情况','参与人次','东西湖区',2,3),(480,'阅读活动','举办情况','参与人数；参与人数增长率','东西湖区',2,3),(481,'阅读活动','举办情况','品牌活动','东西湖区',5,3),(482,'阅读活动','举办情况','活动层面','东西湖区',4,3),(483,'阅读活动','举办情况','资料台帐','东西湖区',2,3),(484,'阅读活动','举办情况','资料台帐','东西湖区',2,3),(485,'阅读活动','举办情况','资料台帐','东西湖区',2,3),(486,'阅读活动','举办情况','资料台帐','东西湖区',2,3),(487,'阅读活动','举办情况','资料台帐','东西湖区',2,3),(488,'阅读活动','举办情况','资料台帐','东西湖区',0,3),(489,'阅读绩效','利用情况','人均访问量','东西湖区',0,3),(490,'阅读绩效','利用情况','人均外借书刊文献册数','东西湖区',0,3),(491,'阅读绩效','利用情况','电子阅读平台访问量','东西湖区',0,3),(492,'阅读绩效','利用情况','市民对“读书之城”的认知度','东西湖区',0,3),(493,'阅读绩效','利用情况','抽样调查当年人均购书消费','东西湖区',0,3),(494,'阅读绩效','满意度情况','设施满意度','东西湖区',0,3),(495,'阅读绩效','满意度情况','资源满意度','东西湖区',0,3),(496,'阅读绩效','满意度情况','环境满意度','东西湖区',0,3),(497,'阅读绩效','满意度情况','服务满意度','东西湖区',0,3),(498,'保障措施','政策保障','政策指导','东西湖区',0,3),(499,'保障措施','政策保障','组织领导','东西湖区',0,3),(500,'保障措施','政策保障','专家指导','东西湖区',3,3),(501,'保障措施','人员保障','员工数量','东西湖区',0,3),(502,'保障措施','人员保障','培训教育','东西湖区',0,3),(503,'保障措施','人员保障','岗位津贴','东西湖区',0,3),(504,'保障措施','经费保障','经费扶持机制','东西湖区',3,3),(505,'保障措施','经费保障','活动专项资金','东西湖区',0,3),(506,'保障措施','经费保障','多元投入','东西湖区',0,3),(507,'基础建设','设施设置率','公共图书馆设置率','武汉经济技术开发区（汉南区）',1,6),(508,'基础建设','设施设置率','学校图书馆设置率','武汉经济技术开发区（汉南区）',1,6),(509,'基础建设','设施设置率','街道/社区图书馆设置率','武汉经济技术开发区（汉南区）',1,6),(510,'基础建设','设施设置率','企业图书馆设置率','武汉经济技术开发区（汉南区）',1,6),(511,'基础建设','设施设置率','机关部门/事业单位图书馆设置率','武汉经济技术开发区（汉南区）',1,6),(512,'基础建设','设施设置率','军警营图书馆/室设置率','武汉经济技术开发区（汉南区）',1,6),(513,'基础建设','设施设置率','书店设置率','武汉经济技术开发区（汉南区）',1,6),(514,'基础建设','文献资源','人均藏书量','武汉经济技术开发区（汉南区）',0,6),(515,'基础建设','阅读组织','阅读小组数量','武汉经济技术开发区（汉南区）',0,6),(516,'基础建设','阅读组织','十佳书友会','武汉经济技术开发区（汉南区）',0,6),(517,'基础建设','阅读组织','十大阅读基地','武汉经济技术开发区（汉南区）',0,6),(518,'服务系统','服务方式','自助图书馆','武汉经济技术开发区（汉南区）',2,6),(519,'服务系统','服务方式','通借通还','武汉经济技术开发区（汉南区）',1,6),(520,'服务系统','服务方式','图书流通车','武汉经济技术开发区（汉南区）',1,6),(521,'服务系统','服务方式','图书漂流点','武汉经济技术开发区（汉南区）',1,6),(522,'服务系统','服务宣传','新媒体宣传','武汉经济技术开发区（汉南区）',0,6),(523,'服务系统','服务宣传','新媒体宣传','武汉经济技术开发区（汉南区）',0,6),(524,'服务系统','服务宣传','户外氛围','武汉经济技术开发区（汉南区）',2,6),(525,'阅读活动','举办情况','参与人次','武汉经济技术开发区（汉南区）',1,6),(526,'阅读活动','举办情况','参与人数；参与人数增长率','武汉经济技术开发区（汉南区）',2,6),(527,'阅读活动','举办情况','品牌活动','武汉经济技术开发区（汉南区）',5,6),(528,'阅读活动','举办情况','活动层面','武汉经济技术开发区（汉南区）',4,6),(529,'阅读活动','举办情况','资料台帐','武汉经济技术开发区（汉南区）',2,6),(530,'阅读活动','举办情况','资料台帐','武汉经济技术开发区（汉南区）',2,6),(531,'阅读活动','举办情况','资料台帐','武汉经济技术开发区（汉南区）',2,6),(532,'阅读活动','举办情况','资料台帐','武汉经济技术开发区（汉南区）',2,6),(533,'阅读活动','举办情况','资料台帐','武汉经济技术开发区（汉南区）',2,6),(534,'阅读活动','举办情况','资料台帐','武汉经济技术开发区（汉南区）',3,6),(535,'阅读绩效','利用情况','人均访问量','武汉经济技术开发区（汉南区）',0,6),(536,'阅读绩效','利用情况','人均外借书刊文献册数','武汉经济技术开发区（汉南区）',0,6),(537,'阅读绩效','利用情况','电子阅读平台访问量','武汉经济技术开发区（汉南区）',0,6),(538,'阅读绩效','利用情况','市民对“读书之城”的认知度','武汉经济技术开发区（汉南区）',2,6),(539,'阅读绩效','利用情况','抽样调查当年人均购书消费','武汉经济技术开发区（汉南区）',2,6),(540,'阅读绩效','满意度情况','设施满意度','武汉经济技术开发区（汉南区）',0,6),(541,'阅读绩效','满意度情况','资源满意度','武汉经济技术开发区（汉南区）',0,6),(542,'阅读绩效','满意度情况','环境满意度','武汉经济技术开发区（汉南区）',2,6),(543,'阅读绩效','满意度情况','服务满意度','武汉经济技术开发区（汉南区）',2,6),(544,'保障措施','政策保障','政策指导','武汉经济技术开发区（汉南区）',3,6),(545,'保障措施','政策保障','组织领导','武汉经济技术开发区（汉南区）',3,6),(546,'保障措施','政策保障','专家指导','武汉经济技术开发区（汉南区）',0,6),(547,'保障措施','人员保障','员工数量','武汉经济技术开发区（汉南区）',3,6),(548,'保障措施','人员保障','培训教育','武汉经济技术开发区（汉南区）',0,6),(549,'保障措施','人员保障','岗位津贴','武汉经济技术开发区（汉南区）',0,6),(550,'保障措施','经费保障','经费扶持机制','武汉经济技术开发区（汉南区）',3,6),(551,'保障措施','经费保障','活动专项资金','武汉经济技术开发区（汉南区）',0,6),(552,'保障措施','经费保障','多元投入','武汉经济技术开发区（汉南区）',3,6);
